student_id,course_id,attendance_status
STU1001,ME102,PRESENT
STU1002,CS101,PRESENT
STU1003,BA101,PRESENT
STU1004,ME102,PRESENT
STU1005,EE301,PRESENT
STU1006,BA101,PRESENT
STU1007,CS101,PRESENT
STU1008,CS101,PRESENT
STU1009,BA101,PRESENT
STU1010,ME102,PRESENT
STU1011,BA101,PRESENT
STU1012,BA101,PRESENT
STU1013,EE301,PRESENT
STU1014,ME102,PRESENT
STU1015,BA101,PRESENT
STU1016,DS201,PRESENT
STU1017,ME102,PRESENT
STU1018,DS201,ABSENCE_REQUIRES_REVIEW
STU1019,BA101,PRESENT
STU1020,ME102,NOT_YET_VERIFIED
STU1021,CS101,PRESENT
STU1022,DS201,PRESENT
STU1023,BA101,EXCUSED
STU1024,DS201,NOT_YET_VERIFIED
STU1025,DS201,PRESENT
STU1026,DS201,PRESENT
STU1027,ME102,EXCUSED
STU1028,ME102,PRESENT
STU1029,CS101,EXCUSED
STU1030,EE301,PRESENT
STU1031,EE301,PRESENT
STU1032,BA101,PRESENT
STU1033,BA101,PRESENT
STU1034,CS101,PRESENT
STU1035,EE301,NOT_YET_VERIFIED
STU1036,ME102,PRESENT
STU1037,BA101,ABSENCE_REQUIRES_REVIEW
STU1038,CS101,PRESENT
STU1039,DS201,PRESENT
STU1040,DS201,NOT_YET_VERIFIED
STU1041,ME102,PRESENT
STU1042,BA101,PRESENT
STU1043,CS101,EXCUSED
STU1044,BA101,PRESENT
STU1045,EE301,PRESENT
STU1046,ME102,PRESENT
STU1047,ME102,PRESENT
STU1048,EE301,NOT_YET_VERIFIED
STU1049,EE301,NOT_YET_VERIFIED
STU1050,ME102,PRESENT
STU1051,ME102,NOT_YET_VERIFIED
STU1052,EE301,PRESENT
STU1053,EE301,PRESENT
STU1054,BA101,PRESENT
STU1055,CS101,PRESENT
STU1056,CS101,PRESENT
STU1057,ME102,PRESENT
STU1058,CS101,PRESENT
STU1059,DS201,PRESENT
STU1060,EE301,PRESENT
STU1061,BA101,ABSENCE_REQUIRES_REVIEW
STU1062,DS201,PRESENT
STU1063,CS101,ABSENCE_REQUIRES_REVIEW
STU1064,CS101,PRESENT
STU1065,DS201,ABSENCE_REQUIRES_REVIEW
STU1066,CS101,PRESENT
STU1067,BA101,PRESENT
STU1068,DS201,PRESENT
STU1069,BA101,PRESENT
STU1070,BA101,PRESENT
STU1071,BA101,PRESENT
STU1072,CS101,EXCUSED
STU1073,DS201,NOT_YET_VERIFIED
STU1074,EE301,NOT_YET_VERIFIED
STU1075,ME102,ABSENCE_REQUIRES_REVIEW
STU1076,EE301,EXCUSED
STU1077,DS201,PRESENT
STU1078,DS201,PRESENT
STU1079,CS101,NOT_YET_VERIFIED
STU1080,CS101,PRESENT
STU1081,DS201,PRESENT
STU1082,EE301,PRESENT
STU1083,ME102,ABSENCE_REQUIRES_REVIEW
STU1084,CS101,PRESENT
STU1085,ME102,PRESENT
STU1086,DS201,PRESENT
STU1087,EE301,PRESENT
STU1088,CS101,PRESENT
STU1089,DS201,PRESENT
STU1090,ME102,NOT_YET_VERIFIED
STU1091,DS201,NOT_YET_VERIFIED
STU1092,EE301,NOT_YET_VERIFIED
STU1093,DS201,PRESENT
STU1094,CS101,PRESENT
STU1095,DS201,PRESENT
STU1096,DS201,PRESENT
STU1097,DS201,PRESENT
STU1098,CS101,ABSENCE_REQUIRES_REVIEW
STU1099,EE301,PRESENT
STU1100,CS101,PRESENT
STU1101,BA101,PRESENT
STU1102,DS201,PRESENT
STU1103,BA101,ABSENCE_REQUIRES_REVIEW
STU1104,ME102,PRESENT
STU1105,BA101,PRESENT
STU1106,CS101,EXCUSED
STU1107,CS101,EXCUSED
STU1108,ME102,PRESENT
STU1109,BA101,PRESENT
STU1110,BA101,ABSENCE_REQUIRES_REVIEW
STU1111,EE301,PRESENT
STU1112,DS201,PRESENT
STU1113,EE301,PRESENT
STU1114,CS101,PRESENT
STU1115,DS201,PRESENT
STU1116,ME102,PRESENT
STU1117,EE301,PRESENT
STU1118,BA101,NOT_YET_VERIFIED
STU1119,ME102,PRESENT
STU1120,CS101,PRESENT
STU1121,BA101,PRESENT
STU1122,BA101,ABSENCE_REQUIRES_REVIEW
STU1123,ME102,PRESENT
STU1124,DS201,PRESENT
STU1125,CS101,PRESENT
STU1126,DS201,PRESENT
STU1127,ME102,PRESENT
STU1128,DS201,PRESENT
STU1129,CS101,PRESENT
STU1130,BA101,EXCUSED
STU1131,DS201,EXCUSED
STU1132,DS201,NOT_YET_VERIFIED
STU1133,DS201,EXCUSED
STU1134,EE301,PRESENT
STU1135,BA101,EXCUSED
STU1136,BA101,ABSENCE_REQUIRES_REVIEW
STU1137,EE301,NOT_YET_VERIFIED
STU1138,DS201,EXCUSED
STU1139,BA101,NOT_YET_VERIFIED
STU1140,BA101,PRESENT
STU1141,DS201,PRESENT
STU1142,DS201,PRESENT
STU1143,EE301,ABSENCE_REQUIRES_REVIEW
STU1144,ME102,PRESENT
STU1145,BA101,ABSENCE_REQUIRES_REVIEW
STU1146,DS201,PRESENT
STU1147,BA101,PRESENT
STU1148,ME102,NOT_YET_VERIFIED
STU1149,EE301,PRESENT
STU1150,CS101,ABSENCE_REQUIRES_REVIEW
STU1151,DS201,PRESENT
STU1152,CS101,PRESENT
STU1153,ME102,NOT_YET_VERIFIED
STU1154,ME102,ABSENCE_REQUIRES_REVIEW
STU1155,CS101,PRESENT
STU1156,ME102,NOT_YET_VERIFIED
STU1157,CS101,PRESENT
STU1158,DS201,PRESENT
STU1159,EE301,PRESENT
STU1160,CS101,PRESENT
STU1161,EE301,PRESENT
STU1162,EE301,NOT_YET_VERIFIED
STU1163,CS101,PRESENT
STU1164,ME102,PRESENT
STU1165,ME102,NOT_YET_VERIFIED
STU1166,EE301,PRESENT
STU1167,CS101,ABSENCE_REQUIRES_REVIEW
STU1168,EE301,PRESENT
STU1169,EE301,NOT_YET_VERIFIED
STU1170,CS101,PRESENT
STU1171,BA101,PRESENT
STU1172,CS101,PRESENT
STU1173,BA101,PRESENT
STU1174,BA101,PRESENT
STU1175,ME102,PRESENT
STU1176,ME102,PRESENT
STU1177,EE301,ABSENCE_REQUIRES_REVIEW
STU1178,CS101,NOT_YET_VERIFIED
STU1179,CS101,PRESENT
STU1180,ME102,PRESENT
STU1181,BA101,PRESENT
STU1182,DS201,PRESENT
STU1183,EE301,PRESENT
STU1184,BA101,PRESENT
STU1185,ME102,PRESENT
STU1186,DS201,PRESENT
STU1187,CS101,PRESENT
STU1188,ME102,PRESENT
STU1189,ME102,PRESENT
STU1190,DS201,PRESENT
STU1191,DS201,EXCUSED
STU1192,BA101,PRESENT
STU1193,DS201,PRESENT
STU1194,EE301,PRESENT
STU1195,CS101,EXCUSED
STU1196,EE301,PRESENT
STU1197,BA101,PRESENT
STU1198,DS201,PRESENT
STU1199,DS201,NOT_YET_VERIFIED
STU1200,ME102,ABSENCE_REQUIRES_REVIEW
STU1201,EE301,NOT_YET_VERIFIED
STU1202,DS201,PRESENT
STU1203,ME102,PRESENT
STU1204,DS201,NOT_YET_VERIFIED
STU1205,DS201,PRESENT
STU1206,EE301,PRESENT
STU1207,BA101,PRESENT
STU1208,DS201,PRESENT
STU1209,ME102,PRESENT
STU1210,DS201,PRESENT
STU1211,EE301,PRESENT
STU1212,EE301,EXCUSED
STU1213,ME102,NOT_YET_VERIFIED
STU1214,CS101,PRESENT
STU1215,DS201,ABSENCE_REQUIRES_REVIEW
STU1216,EE301,ABSENCE_REQUIRES_REVIEW
STU1217,EE301,PRESENT
STU1218,CS101,PRESENT
STU1219,BA101,ABSENCE_REQUIRES_REVIEW
STU1220,EE301,PRESENT
STU1221,DS201,PRESENT
STU1222,ME102,PRESENT
STU1223,ME102,ABSENCE_REQUIRES_REVIEW
STU1224,DS201,PRESENT
STU1225,ME102,ABSENCE_REQUIRES_REVIEW
STU1226,BA101,ABSENCE_REQUIRES_REVIEW
STU1227,EE301,PRESENT
STU1228,CS101,NOT_YET_VERIFIED
STU1229,ME102,PRESENT
STU1230,BA101,PRESENT
STU1231,EE301,PRESENT
STU1232,BA101,PRESENT
STU1233,BA101,PRESENT
STU1234,CS101,ABSENCE_REQUIRES_REVIEW
STU1235,BA101,PRESENT
STU1236,ME102,PRESENT
STU1237,CS101,PRESENT
STU1238,EE301,PRESENT
STU1239,ME102,PRESENT
STU1240,ME102,PRESENT
STU1241,DS201,EXCUSED
STU1242,EE301,PRESENT
STU1243,DS201,PRESENT
STU1244,DS201,ABSENCE_REQUIRES_REVIEW
STU1245,CS101,PRESENT
STU1246,DS201,PRESENT
STU1247,DS201,PRESENT
STU1248,BA101,EXCUSED
STU1249,BA101,PRESENT
STU1250,DS201,PRESENT
STU1251,EE301,PRESENT
STU1252,EE301,PRESENT
STU1253,CS101,PRESENT
STU1254,DS201,ABSENCE_REQUIRES_REVIEW
STU1255,DS201,NOT_YET_VERIFIED
STU1256,EE301,ABSENCE_REQUIRES_REVIEW
STU1257,ME102,NOT_YET_VERIFIED
STU1258,CS101,PRESENT
STU1259,ME102,PRESENT
STU1260,CS101,EXCUSED
STU1261,CS101,PRESENT
STU1262,EE301,EXCUSED
STU1263,CS101,PRESENT
STU1264,EE301,PRESENT
STU1265,DS201,PRESENT
STU1266,DS201,ABSENCE_REQUIRES_REVIEW
STU1267,DS201,PRESENT
STU1268,ME102,ABSENCE_REQUIRES_REVIEW
STU1269,DS201,ABSENCE_REQUIRES_REVIEW
STU1270,CS101,NOT_YET_VERIFIED
STU1271,EE301,PRESENT
STU1272,CS101,NOT_YET_VERIFIED
STU1273,ME102,PRESENT
STU1274,EE301,ABSENCE_REQUIRES_REVIEW
STU1275,ME102,EXCUSED
STU1276,DS201,PRESENT
STU1277,DS201,PRESENT
STU1278,ME102,PRESENT
STU1279,EE301,ABSENCE_REQUIRES_REVIEW
STU1280,DS201,PRESENT
STU1281,ME102,PRESENT
STU1282,EE301,PRESENT
STU1283,BA101,EXCUSED
STU1284,DS201,PRESENT
STU1285,ME102,PRESENT
STU1286,BA101,EXCUSED
STU1287,CS101,PRESENT
STU1288,BA101,PRESENT
STU1289,BA101,PRESENT
STU1290,BA101,PRESENT
STU1291,DS201,PRESENT
STU1292,BA101,ABSENCE_REQUIRES_REVIEW
STU1293,BA101,ABSENCE_REQUIRES_REVIEW
STU1294,BA101,ABSENCE_REQUIRES_REVIEW
STU1295,EE301,PRESENT
STU1296,DS201,ABSENCE_REQUIRES_REVIEW
STU1297,ME102,PRESENT
STU1298,DS201,PRESENT
STU1299,BA101,ABSENCE_REQUIRES_REVIEW
STU1300,ME102,PRESENT
STU1301,ME102,NOT_YET_VERIFIED
STU1302,EE301,PRESENT
STU1303,CS101,PRESENT
STU1304,CS101,PRESENT
STU1305,DS201,ABSENCE_REQUIRES_REVIEW
STU1306,DS201,PRESENT
STU1307,ME102,ABSENCE_REQUIRES_REVIEW
STU1308,BA101,PRESENT
STU1309,EE301,PRESENT
STU1310,CS101,PRESENT
STU1311,EE301,PRESENT
STU1312,BA101,PRESENT
STU1313,EE301,PRESENT
STU1314,DS201,PRESENT
STU1315,BA101,PRESENT
STU1316,ME102,PRESENT
STU1317,BA101,PRESENT
STU1318,CS101,ABSENCE_REQUIRES_REVIEW
STU1319,CS101,PRESENT
STU1320,ME102,PRESENT
STU1321,CS101,ABSENCE_REQUIRES_REVIEW
STU1322,BA101,PRESENT
STU1323,ME102,PRESENT
STU1324,ME102,PRESENT
STU1325,BA101,PRESENT
STU1326,EE301,PRESENT
STU1327,EE301,PRESENT
STU1328,CS101,ABSENCE_REQUIRES_REVIEW
STU1329,CS101,PRESENT
STU1330,DS201,PRESENT
STU1331,BA101,PRESENT
STU1332,BA101,PRESENT
STU1333,CS101,PRESENT
STU1334,CS101,PRESENT
STU1335,EE301,PRESENT
STU1336,EE301,PRESENT
STU1337,BA101,PRESENT
STU1338,DS201,PRESENT
STU1339,DS201,ABSENCE_REQUIRES_REVIEW
STU1340,EE301,PRESENT
STU1341,CS101,PRESENT
STU1342,BA101,NOT_YET_VERIFIED
STU1343,BA101,NOT_YET_VERIFIED
STU1344,EE301,PRESENT
STU1345,DS201,PRESENT
STU1346,EE301,PRESENT
STU1347,CS101,PRESENT
STU1348,CS101,PRESENT
STU1349,ME102,PRESENT
STU1350,DS201,PRESENT
STU1351,EE301,PRESENT
STU1352,ME102,PRESENT
STU1353,EE301,PRESENT
STU1354,DS201,NOT_YET_VERIFIED
STU1355,ME102,PRESENT
STU1356,ME102,PRESENT
STU1357,BA101,NOT_YET_VERIFIED
STU1358,CS101,PRESENT
STU1359,BA101,PRESENT
STU1360,EE301,PRESENT
STU1361,BA101,PRESENT
STU1362,CS101,ABSENCE_REQUIRES_REVIEW
STU1363,EE301,PRESENT
STU1364,DS201,PRESENT
STU1365,DS201,PRESENT
STU1366,CS101,PRESENT
STU1367,DS201,NOT_YET_VERIFIED
STU1368,CS101,PRESENT
STU1369,CS101,ABSENCE_REQUIRES_REVIEW
STU1370,DS201,PRESENT
STU1371,ME102,ABSENCE_REQUIRES_REVIEW
STU1372,ME102,ABSENCE_REQUIRES_REVIEW
STU1373,CS101,PRESENT
STU1374,CS101,PRESENT
STU1375,EE301,ABSENCE_REQUIRES_REVIEW
STU1376,ME102,PRESENT
STU1377,CS101,PRESENT
STU1378,CS101,PRESENT
STU1379,EE301,PRESENT
STU1380,BA101,NOT_YET_VERIFIED
STU1381,DS201,PRESENT
STU1382,ME102,PRESENT
STU1383,EE301,PRESENT
STU1384,CS101,PRESENT
STU1385,EE301,NOT_YET_VERIFIED
STU1386,CS101,ABSENCE_REQUIRES_REVIEW
STU1387,BA101,PRESENT
STU1388,BA101,PRESENT
STU1389,BA101,PRESENT
STU1390,DS201,PRESENT
STU1391,EE301,PRESENT
STU1392,ME102,PRESENT
STU1393,DS201,PRESENT
STU1394,CS101,EXCUSED
STU1395,EE301,PRESENT
STU1396,ME102,PRESENT
STU1397,EE301,PRESENT
STU1398,DS201,NOT_YET_VERIFIED
STU1399,EE301,PRESENT
STU1400,DS201,PRESENT
STU1401,ME102,PRESENT
STU1402,BA101,ABSENCE_REQUIRES_REVIEW
STU1403,DS201,PRESENT
STU1404,CS101,PRESENT
STU1405,BA101,PRESENT
STU1406,ME102,PRESENT
STU1407,CS101,PRESENT
STU1408,ME102,PRESENT
STU1409,DS201,ABSENCE_REQUIRES_REVIEW
STU1410,DS201,PRESENT
STU1411,EE301,ABSENCE_REQUIRES_REVIEW
STU1412,BA101,NOT_YET_VERIFIED
STU1413,BA101,PRESENT
STU1414,ME102,PRESENT
STU1415,BA101,EXCUSED
STU1416,EE301,NOT_YET_VERIFIED
STU1417,DS201,PRESENT
STU1418,BA101,NOT_YET_VERIFIED
STU1419,EE301,PRESENT
STU1420,ME102,ABSENCE_REQUIRES_REVIEW
STU1421,CS101,NOT_YET_VERIFIED
STU1422,EE301,PRESENT
STU1423,CS101,PRESENT
STU1424,CS101,PRESENT
STU1425,BA101,PRESENT
STU1426,EE301,NOT_YET_VERIFIED
STU1427,ME102,PRESENT
STU1428,ME102,PRESENT
STU1429,EE301,PRESENT
STU1430,BA101,PRESENT
STU1431,BA101,PRESENT
STU1432,BA101,PRESENT
STU1433,EE301,PRESENT
STU1434,CS101,NOT_YET_VERIFIED
STU1435,DS201,ABSENCE_REQUIRES_REVIEW
STU1436,DS201,PRESENT
STU1437,DS201,ABSENCE_REQUIRES_REVIEW
STU1438,BA101,PRESENT
STU1439,BA101,PRESENT
STU1440,DS201,PRESENT
STU1441,ME102,ABSENCE_REQUIRES_REVIEW
STU1442,ME102,EXCUSED
STU1443,EE301,NOT_YET_VERIFIED
STU1444,EE301,EXCUSED
STU1445,BA101,PRESENT
STU1446,EE301,ABSENCE_REQUIRES_REVIEW
STU1447,ME102,ABSENCE_REQUIRES_REVIEW
STU1448,BA101,PRESENT
STU1449,CS101,PRESENT
STU1450,BA101,PRESENT
STU1451,ME102,PRESENT
STU1452,BA101,PRESENT
STU1453,EE301,EXCUSED
STU1454,DS201,PRESENT
STU1455,ME102,PRESENT
STU1456,DS201,PRESENT
STU1457,CS101,PRESENT
STU1458,EE301,PRESENT
STU1459,DS201,ABSENCE_REQUIRES_REVIEW
STU1460,CS101,NOT_YET_VERIFIED
STU1461,ME102,PRESENT
STU1462,CS101,PRESENT
STU1463,ME102,ABSENCE_REQUIRES_REVIEW
STU1464,CS101,PRESENT
STU1465,CS101,ABSENCE_REQUIRES_REVIEW
STU1466,BA101,PRESENT
STU1467,CS101,PRESENT
STU1468,BA101,PRESENT
STU1469,CS101,PRESENT
STU1470,EE301,PRESENT
STU1471,ME102,PRESENT
STU1472,BA101,PRESENT
STU1473,DS201,NOT_YET_VERIFIED
STU1474,DS201,PRESENT
STU1475,CS101,PRESENT
STU1476,ME102,ABSENCE_REQUIRES_REVIEW
STU1477,DS201,ABSENCE_REQUIRES_REVIEW
STU1478,DS201,PRESENT
STU1479,DS201,PRESENT
STU1480,CS101,PRESENT
STU1481,ME102,PRESENT
STU1482,DS201,PRESENT
STU1483,CS101,PRESENT
STU1484,CS101,NOT_YET_VERIFIED
STU1485,DS201,PRESENT
STU1486,CS101,PRESENT
STU1487,EE301,PRESENT
STU1488,EE301,PRESENT
STU1489,ME102,PRESENT
STU1490,CS101,PRESENT
STU1491,CS101,PRESENT
STU1492,CS101,PRESENT
STU1493,DS201,PRESENT
STU1494,BA101,PRESENT
STU1495,ME102,PRESENT
STU1496,ME102,PRESENT
STU1497,DS201,NOT_YET_VERIFIED
STU1498,BA101,PRESENT
STU1499,EE301,PRESENT
STU1500,BA101,PRESENT
STU1501,DS201,PRESENT
STU1502,BA101,PRESENT
STU1503,ME102,EXCUSED
STU1504,CS101,PRESENT
STU1505,DS201,PRESENT
STU1506,ME102,PRESENT
STU1507,DS201,PRESENT
STU1508,BA101,PRESENT
STU1509,CS101,EXCUSED
STU1510,CS101,PRESENT
STU1511,CS101,NOT_YET_VERIFIED
STU1512,BA101,ABSENCE_REQUIRES_REVIEW
STU1513,BA101,NOT_YET_VERIFIED
STU1514,BA101,PRESENT
STU1515,ME102,PRESENT
STU1516,CS101,NOT_YET_VERIFIED
STU1517,ME102,PRESENT
STU1518,DS201,ABSENCE_REQUIRES_REVIEW
STU1519,ME102,NOT_YET_VERIFIED
STU1520,CS101,PRESENT
STU1521,CS101,EXCUSED
STU1522,DS201,PRESENT
STU1523,CS101,PRESENT
STU1524,ME102,PRESENT
STU1525,DS201,PRESENT
STU1526,EE301,PRESENT
STU1527,CS101,PRESENT
STU1528,CS101,PRESENT
STU1529,CS101,PRESENT
STU1530,BA101,PRESENT
STU1531,BA101,PRESENT
STU1532,BA101,PRESENT
STU1533,BA101,PRESENT
STU1534,BA101,PRESENT
STU1535,DS201,PRESENT
STU1536,BA101,NOT_YET_VERIFIED
STU1537,DS201,PRESENT
STU1538,CS101,PRESENT
STU1539,BA101,PRESENT
STU1540,DS201,PRESENT
STU1541,BA101,NOT_YET_VERIFIED
STU1542,EE301,NOT_YET_VERIFIED
STU1543,BA101,ABSENCE_REQUIRES_REVIEW
STU1544,ME102,PRESENT
STU1545,DS201,NOT_YET_VERIFIED
STU1546,ME102,NOT_YET_VERIFIED
STU1547,DS201,PRESENT
STU1548,BA101,PRESENT
STU1549,ME102,PRESENT
STU1550,ME102,NOT_YET_VERIFIED
STU1551,ME102,EXCUSED
STU1552,BA101,ABSENCE_REQUIRES_REVIEW
STU1553,DS201,PRESENT
STU1554,ME102,EXCUSED
STU1555,BA101,PRESENT
STU1556,DS201,ABSENCE_REQUIRES_REVIEW
STU1557,CS101,PRESENT
STU1558,EE301,PRESENT
STU1559,BA101,EXCUSED
STU1560,BA101,EXCUSED
STU1561,CS101,PRESENT
STU1562,BA101,PRESENT
STU1563,EE301,PRESENT
STU1564,DS201,PRESENT
STU1565,BA101,PRESENT
STU1566,DS201,PRESENT
STU1567,DS201,NOT_YET_VERIFIED
STU1568,BA101,NOT_YET_VERIFIED
STU1569,DS201,PRESENT
STU1570,EE301,PRESENT
STU1571,EE301,NOT_YET_VERIFIED
STU1572,DS201,PRESENT
STU1573,DS201,PRESENT
STU1574,DS201,NOT_YET_VERIFIED
STU1575,BA101,EXCUSED
STU1576,EE301,PRESENT
STU1577,DS201,NOT_YET_VERIFIED
STU1578,EE301,PRESENT
STU1579,ME102,EXCUSED
STU1580,BA101,PRESENT
STU1581,BA101,PRESENT
STU1582,EE301,PRESENT
STU1583,CS101,PRESENT
STU1584,BA101,NOT_YET_VERIFIED
STU1585,CS101,PRESENT
STU1586,DS201,ABSENCE_REQUIRES_REVIEW
STU1587,BA101,PRESENT
STU1588,EE301,PRESENT
STU1589,EE301,EXCUSED
STU1590,EE301,NOT_YET_VERIFIED
STU1591,EE301,PRESENT
STU1592,EE301,ABSENCE_REQUIRES_REVIEW
STU1593,CS101,PRESENT
STU1594,EE301,EXCUSED
STU1595,ME102,PRESENT
STU1596,ME102,PRESENT
STU1597,CS101,PRESENT
STU1598,DS201,NOT_YET_VERIFIED
STU1599,CS101,PRESENT
STU1600,DS201,PRESENT
STU1601,BA101,ABSENCE_REQUIRES_REVIEW
STU1602,BA101,EXCUSED
STU1603,ME102,ABSENCE_REQUIRES_REVIEW
STU1604,EE301,ABSENCE_REQUIRES_REVIEW
STU1605,BA101,PRESENT
STU1606,DS201,PRESENT
STU1607,BA101,PRESENT
STU1608,CS101,PRESENT
STU1609,ME102,PRESENT
STU1610,EE301,PRESENT
STU1611,ME102,ABSENCE_REQUIRES_REVIEW
STU1612,EE301,PRESENT
STU1613,EE301,EXCUSED
STU1614,DS201,ABSENCE_REQUIRES_REVIEW
STU1615,BA101,EXCUSED
STU1616,ME102,PRESENT
STU1617,DS201,PRESENT
STU1618,CS101,PRESENT
STU1619,EE301,PRESENT
STU1620,CS101,NOT_YET_VERIFIED
STU1621,CS101,PRESENT
STU1622,CS101,PRESENT
STU1623,EE301,PRESENT
STU1624,CS101,PRESENT
STU1625,BA101,PRESENT
STU1626,EE301,PRESENT
STU1627,BA101,ABSENCE_REQUIRES_REVIEW
STU1628,BA101,PRESENT
STU1629,ME102,EXCUSED
STU1630,ME102,ABSENCE_REQUIRES_REVIEW
STU1631,ME102,PRESENT
STU1632,DS201,PRESENT
STU1633,EE301,PRESENT
STU1634,CS101,NOT_YET_VERIFIED
STU1635,BA101,ABSENCE_REQUIRES_REVIEW
STU1636,DS201,PRESENT
STU1637,DS201,PRESENT
STU1638,EE301,NOT_YET_VERIFIED
STU1639,ME102,NOT_YET_VERIFIED
STU1640,BA101,PRESENT
STU1641,EE301,PRESENT
STU1642,DS201,ABSENCE_REQUIRES_REVIEW
STU1643,CS101,PRESENT
STU1644,ME102,PRESENT
STU1645,DS201,PRESENT
STU1646,ME102,PRESENT
STU1647,EE301,EXCUSED
STU1648,ME102,PRESENT
STU1649,DS201,ABSENCE_REQUIRES_REVIEW
STU1650,DS201,PRESENT
STU1651,ME102,PRESENT
STU1652,ME102,PRESENT
STU1653,ME102,PRESENT
STU1654,DS201,PRESENT
STU1655,DS201,NOT_YET_VERIFIED
STU1656,DS201,ABSENCE_REQUIRES_REVIEW
STU1657,EE301,ABSENCE_REQUIRES_REVIEW
STU1658,DS201,PRESENT
STU1659,DS201,NOT_YET_VERIFIED
STU1660,EE301,PRESENT
STU1661,DS201,PRESENT
STU1662,DS201,PRESENT
STU1663,DS201,ABSENCE_REQUIRES_REVIEW
STU1664,BA101,PRESENT
STU1665,ME102,PRESENT
STU1666,ME102,PRESENT
STU1667,DS201,PRESENT
STU1668,DS201,PRESENT
STU1669,EE301,EXCUSED
STU1670,BA101,PRESENT
STU1671,ME102,EXCUSED
STU1672,DS201,PRESENT
STU1673,CS101,PRESENT
STU1674,EE301,EXCUSED
STU1675,BA101,PRESENT
STU1676,DS201,NOT_YET_VERIFIED
STU1677,DS201,PRESENT
STU1678,DS201,PRESENT
STU1679,DS201,PRESENT
STU1680,CS101,PRESENT
STU1681,CS101,PRESENT
STU1682,BA101,PRESENT
STU1683,BA101,PRESENT
STU1684,DS201,PRESENT
STU1685,DS201,PRESENT
STU1686,CS101,PRESENT
STU1687,CS101,PRESENT
STU1688,DS201,PRESENT
STU1689,BA101,PRESENT
STU1690,ME102,PRESENT
STU1691,DS201,NOT_YET_VERIFIED
STU1692,CS101,NOT_YET_VERIFIED
STU1693,BA101,PRESENT
STU1694,CS101,PRESENT
STU1695,ME102,PRESENT
STU1696,CS101,ABSENCE_REQUIRES_REVIEW
STU1697,BA101,PRESENT
STU1698,CS101,PRESENT
STU1699,CS101,ABSENCE_REQUIRES_REVIEW
STU1700,ME102,PRESENT
STU1701,DS201,PRESENT
STU1702,DS201,PRESENT
STU1703,ME102,PRESENT
STU1704,CS101,PRESENT
STU1705,CS101,PRESENT
STU1706,ME102,PRESENT
STU1707,DS201,PRESENT
STU1708,BA101,PRESENT
STU1709,DS201,PRESENT
STU1710,DS201,PRESENT
STU1711,CS101,PRESENT
STU1712,ME102,PRESENT
STU1713,DS201,PRESENT
STU1714,ME102,PRESENT
STU1715,DS201,PRESENT
STU1716,CS101,PRESENT
STU1717,CS101,PRESENT
STU1718,EE301,NOT_YET_VERIFIED
STU1719,DS201,PRESENT
STU1720,ME102,PRESENT
STU1721,BA101,PRESENT
STU1722,EE301,ABSENCE_REQUIRES_REVIEW
STU1723,CS101,EXCUSED
STU1724,DS201,PRESENT
STU1725,CS101,PRESENT
STU1726,CS101,PRESENT
STU1727,DS201,PRESENT
STU1728,BA101,ABSENCE_REQUIRES_REVIEW
STU1729,ME102,ABSENCE_REQUIRES_REVIEW
STU1730,DS201,NOT_YET_VERIFIED
STU1731,CS101,PRESENT
STU1732,DS201,PRESENT
STU1733,ME102,PRESENT
STU1734,BA101,PRESENT
STU1735,DS201,PRESENT
STU1736,CS101,ABSENCE_REQUIRES_REVIEW
STU1737,ME102,PRESENT
STU1738,ME102,PRESENT
STU1739,DS201,PRESENT
STU1740,EE301,ABSENCE_REQUIRES_REVIEW
STU1741,EE301,EXCUSED
STU1742,CS101,PRESENT
STU1743,CS101,PRESENT
STU1744,CS101,NOT_YET_VERIFIED
STU1745,ME102,PRESENT
STU1746,EE301,PRESENT
STU1747,BA101,EXCUSED
STU1748,ME102,PRESENT
STU1749,EE301,ABSENCE_REQUIRES_REVIEW
STU1750,DS201,PRESENT
STU1751,CS101,PRESENT
STU1752,ME102,ABSENCE_REQUIRES_REVIEW
STU1753,CS101,PRESENT
STU1754,CS101,PRESENT
STU1755,DS201,PRESENT
STU1756,BA101,ABSENCE_REQUIRES_REVIEW
STU1757,ME102,PRESENT
STU1758,CS101,PRESENT
STU1759,ME102,PRESENT
STU1760,BA101,PRESENT
STU1761,ME102,PRESENT
STU1762,BA101,PRESENT
STU1763,EE301,PRESENT
STU1764,CS101,PRESENT
STU1765,ME102,PRESENT
STU1766,DS201,PRESENT
STU1767,DS201,PRESENT
STU1768,CS101,PRESENT
STU1769,BA101,PRESENT
STU1770,EE301,ABSENCE_REQUIRES_REVIEW
STU1771,DS201,PRESENT
STU1772,CS101,PRESENT
STU1773,DS201,PRESENT
STU1774,ME102,PRESENT
STU1775,BA101,PRESENT
STU1776,CS101,PRESENT
STU1777,BA101,PRESENT
STU1778,DS201,EXCUSED
STU1779,DS201,EXCUSED
STU1780,ME102,PRESENT
STU1781,DS201,PRESENT
STU1782,BA101,PRESENT
STU1783,DS201,PRESENT
STU1784,CS101,PRESENT
STU1785,ME102,NOT_YET_VERIFIED
STU1786,CS101,PRESENT
STU1787,BA101,ABSENCE_REQUIRES_REVIEW
STU1788,CS101,PRESENT
STU1789,BA101,PRESENT
STU1790,CS101,PRESENT
STU1791,CS101,PRESENT
STU1792,BA101,PRESENT
STU1793,BA101,PRESENT
STU1794,DS201,NOT_YET_VERIFIED
STU1795,DS201,EXCUSED
STU1796,BA101,PRESENT
STU1797,BA101,NOT_YET_VERIFIED
STU1798,BA101,PRESENT
STU1799,CS101,PRESENT
STU1800,BA101,ABSENCE_REQUIRES_REVIEW
STU1801,ME102,ABSENCE_REQUIRES_REVIEW
STU1802,CS101,NOT_YET_VERIFIED
STU1803,CS101,NOT_YET_VERIFIED
STU1804,ME102,PRESENT
STU1805,ME102,PRESENT
STU1806,DS201,PRESENT
STU1807,EE301,PRESENT
STU1808,DS201,PRESENT
STU1809,BA101,PRESENT
STU1810,CS101,NOT_YET_VERIFIED
STU1811,ME102,NOT_YET_VERIFIED
STU1812,DS201,PRESENT
STU1813,BA101,PRESENT
STU1814,CS101,PRESENT
STU1815,CS101,PRESENT
STU1816,EE301,PRESENT
STU1817,DS201,PRESENT
STU1818,DS201,EXCUSED
STU1819,ME102,PRESENT
STU1820,BA101,PRESENT
STU1821,BA101,NOT_YET_VERIFIED
STU1822,EE301,PRESENT
STU1823,CS101,PRESENT
STU1824,BA101,PRESENT
STU1825,BA101,EXCUSED
STU1826,CS101,NOT_YET_VERIFIED
STU1827,CS101,PRESENT
STU1828,ME102,ABSENCE_REQUIRES_REVIEW
STU1829,ME102,PRESENT
STU1830,DS201,PRESENT
STU1831,EE301,PRESENT
STU1832,CS101,PRESENT
STU1833,BA101,PRESENT
STU1834,BA101,PRESENT
STU1835,ME102,PRESENT
STU1836,CS101,PRESENT
STU1837,BA101,PRESENT
STU1838,CS101,PRESENT
STU1839,BA101,PRESENT
STU1840,EE301,NOT_YET_VERIFIED
STU1841,ME102,PRESENT
STU1842,ME102,ABSENCE_REQUIRES_REVIEW
STU1843,EE301,PRESENT
STU1844,CS101,PRESENT
STU1845,DS201,PRESENT
STU1846,BA101,PRESENT
STU1847,BA101,ABSENCE_REQUIRES_REVIEW
STU1848,BA101,PRESENT
STU1849,BA101,PRESENT
STU1850,EE301,PRESENT
STU1851,DS201,PRESENT
STU1852,CS101,PRESENT
STU1853,CS101,PRESENT
STU1854,DS201,NOT_YET_VERIFIED
STU1855,ME102,PRESENT
STU1856,CS101,PRESENT
STU1857,BA101,PRESENT
STU1858,BA101,PRESENT
STU1859,DS201,PRESENT
STU1860,ME102,PRESENT
STU1861,BA101,PRESENT
STU1862,CS101,PRESENT
STU1863,EE301,ABSENCE_REQUIRES_REVIEW
STU1864,CS101,PRESENT
STU1865,BA101,PRESENT
STU1866,ME102,PRESENT
STU1867,DS201,EXCUSED
STU1868,CS101,PRESENT
STU1869,DS201,PRESENT
STU1870,EE301,PRESENT
STU1871,EE301,PRESENT
STU1872,EE301,PRESENT
STU1873,ME102,PRESENT
STU1874,CS101,PRESENT
STU1875,EE301,PRESENT
STU1876,EE301,PRESENT
STU1877,BA101,ABSENCE_REQUIRES_REVIEW
STU1878,CS101,PRESENT
STU1879,CS101,PRESENT
STU1880,BA101,ABSENCE_REQUIRES_REVIEW
STU1881,ME102,PRESENT
STU1882,CS101,PRESENT
STU1883,ME102,PRESENT
STU1884,BA101,ABSENCE_REQUIRES_REVIEW
STU1885,EE301,PRESENT
STU1886,ME102,PRESENT
STU1887,BA101,PRESENT
STU1888,BA101,PRESENT
STU1889,BA101,PRESENT
STU1890,CS101,ABSENCE_REQUIRES_REVIEW
STU1891,BA101,NOT_YET_VERIFIED
STU1892,CS101,ABSENCE_REQUIRES_REVIEW
STU1893,BA101,EXCUSED
STU1894,CS101,PRESENT
STU1895,DS201,PRESENT
STU1896,EE301,PRESENT
STU1897,ME102,PRESENT
STU1898,CS101,PRESENT
STU1899,DS201,PRESENT
STU1900,DS201,PRESENT
STU1901,CS101,PRESENT
STU1902,EE301,PRESENT
STU1903,ME102,PRESENT
STU1904,CS101,PRESENT
STU1905,EE301,ABSENCE_REQUIRES_REVIEW
STU1906,CS101,ABSENCE_REQUIRES_REVIEW
STU1907,ME102,ABSENCE_REQUIRES_REVIEW
STU1908,ME102,PRESENT
STU1909,CS101,PRESENT
STU1910,EE301,PRESENT
STU1911,EE301,ABSENCE_REQUIRES_REVIEW
STU1912,EE301,PRESENT
STU1913,EE301,PRESENT
STU1914,EE301,PRESENT
STU1915,DS201,NOT_YET_VERIFIED
STU1916,DS201,EXCUSED
STU1917,EE301,PRESENT
STU1918,DS201,PRESENT
STU1919,EE301,ABSENCE_REQUIRES_REVIEW
STU1920,CS101,NOT_YET_VERIFIED
STU1921,BA101,PRESENT
STU1922,CS101,PRESENT
STU1923,DS201,PRESENT
STU1924,DS201,PRESENT
STU1925,DS201,PRESENT
STU1926,ME102,PRESENT
STU1927,ME102,PRESENT
STU1928,BA101,PRESENT
STU1929,CS101,PRESENT
STU1930,DS201,PRESENT
STU1931,CS101,NOT_YET_VERIFIED
STU1932,BA101,PRESENT
STU1933,CS101,PRESENT
STU1934,ME102,ABSENCE_REQUIRES_REVIEW
STU1935,ME102,PRESENT
STU1936,CS101,EXCUSED
STU1937,ME102,NOT_YET_VERIFIED
STU1938,ME102,PRESENT
STU1939,EE301,NOT_YET_VERIFIED
STU1940,CS101,PRESENT
STU1941,DS201,ABSENCE_REQUIRES_REVIEW
STU1942,BA101,NOT_YET_VERIFIED
STU1943,ME102,PRESENT
STU1944,ME102,NOT_YET_VERIFIED
STU1945,BA101,PRESENT
STU1946,BA101,NOT_YET_VERIFIED
STU1947,EE301,PRESENT
STU1948,EE301,PRESENT
STU1949,BA101,PRESENT
STU1950,EE301,PRESENT
STU1951,CS101,PRESENT
STU1952,EE301,PRESENT
STU1953,EE301,PRESENT
STU1954,DS201,PRESENT
STU1955,CS101,ABSENCE_REQUIRES_REVIEW
STU1956,DS201,PRESENT
STU1957,BA101,PRESENT
STU1958,ME102,PRESENT
STU1959,DS201,PRESENT
STU1960,DS201,PRESENT
STU1961,CS101,PRESENT
STU1962,DS201,NOT_YET_VERIFIED
STU1963,EE301,PRESENT
STU1964,CS101,PRESENT
STU1965,CS101,ABSENCE_REQUIRES_REVIEW
STU1966,DS201,PRESENT
STU1967,BA101,PRESENT
STU1968,BA101,PRESENT
STU1969,BA101,PRESENT
STU1970,DS201,PRESENT
STU1971,CS101,PRESENT
STU1972,ME102,PRESENT
STU1973,BA101,NOT_YET_VERIFIED
STU1974,ME102,PRESENT
STU1975,EE301,PRESENT
STU1976,EE301,NOT_YET_VERIFIED
STU1977,ME102,PRESENT
STU1978,BA101,PRESENT
STU1979,ME102,ABSENCE_REQUIRES_REVIEW
STU1980,BA101,NOT_YET_VERIFIED
STU1981,EE301,NOT_YET_VERIFIED
STU1982,DS201,PRESENT
STU1983,BA101,PRESENT
STU1984,BA101,PRESENT
STU1985,EE301,PRESENT
STU1986,BA101,PRESENT
STU1987,CS101,ABSENCE_REQUIRES_REVIEW
STU1988,DS201,PRESENT
STU1989,DS201,PRESENT
STU1990,BA101,PRESENT
STU1991,DS201,PRESENT
STU1992,DS201,PRESENT
STU1993,DS201,PRESENT
STU1994,BA101,NOT_YET_VERIFIED
STU1995,CS101,ABSENCE_REQUIRES_REVIEW
STU1996,ME102,PRESENT
STU1997,DS201,PRESENT
STU1998,DS201,PRESENT
STU1999,CS101,PRESENT
STU2000,DS201,PRESENT
STU2001,CS101,PRESENT
STU2002,BA101,NOT_YET_VERIFIED
STU2003,ME102,PRESENT
STU2004,CS101,PRESENT
STU2005,ME102,PRESENT
STU2006,BA101,PRESENT
STU2007,DS201,PRESENT
STU2008,CS101,PRESENT
STU2009,DS201,PRESENT
STU2010,DS201,PRESENT
STU2011,ME102,PRESENT
STU2012,BA101,EXCUSED
STU2013,EE301,ABSENCE_REQUIRES_REVIEW
STU2014,BA101,PRESENT
STU2015,CS101,PRESENT
STU2016,CS101,PRESENT
STU2017,DS201,PRESENT
STU2018,EE301,NOT_YET_VERIFIED
STU2019,ME102,PRESENT
STU2020,CS101,PRESENT
STU2021,ME102,NOT_YET_VERIFIED
STU2022,EE301,PRESENT
STU2023,CS101,PRESENT
STU2024,EE301,PRESENT
STU2025,DS201,ABSENCE_REQUIRES_REVIEW
STU2026,ME102,NOT_YET_VERIFIED
STU2027,ME102,PRESENT
STU2028,CS101,PRESENT
STU2029,BA101,PRESENT
STU2030,ME102,NOT_YET_VERIFIED
STU2031,BA101,NOT_YET_VERIFIED
STU2032,BA101,PRESENT
STU2033,ME102,PRESENT
STU2034,BA101,EXCUSED
STU2035,BA101,PRESENT
STU2036,BA101,PRESENT
STU2037,EE301,ABSENCE_REQUIRES_REVIEW
STU2038,BA101,EXCUSED
STU2039,EE301,PRESENT
STU2040,BA101,NOT_YET_VERIFIED
STU2041,CS101,PRESENT
STU2042,CS101,PRESENT
STU2043,ME102,PRESENT
STU2044,BA101,NOT_YET_VERIFIED
STU2045,CS101,PRESENT
STU2046,BA101,PRESENT
STU2047,DS201,PRESENT
STU2048,EE301,PRESENT
STU2049,CS101,PRESENT
STU2050,ME102,PRESENT
STU2051,DS201,NOT_YET_VERIFIED
STU2052,ME102,PRESENT
STU2053,CS101,PRESENT
STU2054,CS101,PRESENT
STU2055,ME102,PRESENT
STU2056,DS201,PRESENT
STU2057,EE301,PRESENT
STU2058,CS101,PRESENT
STU2059,EE301,ABSENCE_REQUIRES_REVIEW
STU2060,BA101,EXCUSED
STU2061,EE301,PRESENT
STU2062,EE301,PRESENT
STU2063,CS101,NOT_YET_VERIFIED
STU2064,EE301,PRESENT
STU2065,BA101,PRESENT
STU2066,CS101,PRESENT
STU2067,EE301,PRESENT
STU2068,CS101,PRESENT
STU2069,DS201,NOT_YET_VERIFIED
STU2070,ME102,PRESENT
STU2071,BA101,PRESENT
STU2072,CS101,ABSENCE_REQUIRES_REVIEW
STU2073,ME102,PRESENT
STU2074,EE301,PRESENT
STU2075,CS101,PRESENT
STU2076,CS101,PRESENT
STU2077,CS101,PRESENT
STU2078,CS101,PRESENT
STU2079,CS101,PRESENT
STU2080,CS101,PRESENT
STU2081,CS101,PRESENT
STU2082,DS201,PRESENT
STU2083,CS101,PRESENT
STU2084,ME102,NOT_YET_VERIFIED
STU2085,DS201,PRESENT
STU2086,ME102,PRESENT
STU2087,BA101,PRESENT
STU2088,CS101,PRESENT
STU2089,CS101,PRESENT
STU2090,EE301,PRESENT
STU2091,BA101,PRESENT
STU2092,BA101,ABSENCE_REQUIRES_REVIEW
STU2093,EE301,PRESENT
STU2094,EE301,ABSENCE_REQUIRES_REVIEW
STU2095,ME102,PRESENT
STU2096,ME102,PRESENT
STU2097,BA101,PRESENT
STU2098,CS101,ABSENCE_REQUIRES_REVIEW
STU2099,EE301,PRESENT
STU2100,EE301,PRESENT
STU2101,DS201,ABSENCE_REQUIRES_REVIEW
STU2102,EE301,PRESENT
STU2103,ME102,PRESENT
STU2104,EE301,PRESENT
STU2105,BA101,ABSENCE_REQUIRES_REVIEW
STU2106,EE301,PRESENT
STU2107,ME102,PRESENT
STU2108,BA101,PRESENT
STU2109,EE301,PRESENT
STU2110,DS201,PRESENT
STU2111,ME102,PRESENT
STU2112,DS201,ABSENCE_REQUIRES_REVIEW
STU2113,EE301,PRESENT
STU2114,ME102,PRESENT
STU2115,ME102,PRESENT
STU2116,BA101,NOT_YET_VERIFIED
STU2117,CS101,PRESENT
STU2118,DS201,PRESENT
STU2119,CS101,PRESENT
STU2120,EE301,NOT_YET_VERIFIED
STU2121,ME102,PRESENT
STU2122,BA101,PRESENT
STU2123,CS101,ABSENCE_REQUIRES_REVIEW
STU2124,ME102,ABSENCE_REQUIRES_REVIEW
STU2125,BA101,PRESENT
STU2126,EE301,EXCUSED
STU2127,ME102,PRESENT
STU2128,DS201,PRESENT
STU2129,BA101,ABSENCE_REQUIRES_REVIEW
STU2130,EE301,PRESENT
STU2131,DS201,NOT_YET_VERIFIED
STU2132,DS201,PRESENT
STU2133,EE301,PRESENT
STU2134,CS101,PRESENT
STU2135,CS101,PRESENT
STU2136,CS101,PRESENT
STU2137,DS201,PRESENT
STU2138,ME102,ABSENCE_REQUIRES_REVIEW
STU2139,ME102,PRESENT
STU2140,ME102,PRESENT
STU2141,DS201,PRESENT
STU2142,BA101,EXCUSED
STU2143,BA101,ABSENCE_REQUIRES_REVIEW
STU2144,DS201,NOT_YET_VERIFIED
STU2145,CS101,PRESENT
STU2146,BA101,PRESENT
STU2147,CS101,PRESENT
STU2148,CS101,PRESENT
STU2149,DS201,NOT_YET_VERIFIED
STU2150,ME102,ABSENCE_REQUIRES_REVIEW
STU2151,CS101,EXCUSED
STU2152,BA101,PRESENT
STU2153,EE301,PRESENT
STU2154,EE301,NOT_YET_VERIFIED
STU2155,BA101,PRESENT
STU2156,CS101,PRESENT
STU2157,CS101,EXCUSED
STU2158,ME102,PRESENT
STU2159,CS101,PRESENT
STU2160,BA101,PRESENT
STU2161,BA101,PRESENT
STU2162,ME102,NOT_YET_VERIFIED
STU2163,DS201,PRESENT
STU2164,DS201,PRESENT
STU2165,BA101,PRESENT
STU2166,BA101,NOT_YET_VERIFIED
STU2167,CS101,PRESENT
STU2168,ME102,PRESENT
STU2169,DS201,PRESENT
STU2170,CS101,PRESENT
STU2171,EE301,PRESENT
STU2172,ME102,EXCUSED
STU2173,EE301,PRESENT
STU2174,ME102,PRESENT
STU2175,CS101,PRESENT
STU2176,DS201,PRESENT
STU2177,BA101,NOT_YET_VERIFIED
STU2178,DS201,PRESENT
STU2179,CS101,PRESENT
STU2180,CS101,PRESENT
STU2181,CS101,PRESENT
STU2182,CS101,PRESENT
STU2183,DS201,EXCUSED
STU2184,CS101,PRESENT
STU2185,ME102,PRESENT
STU2186,DS201,ABSENCE_REQUIRES_REVIEW
STU2187,EE301,PRESENT
STU2188,BA101,PRESENT
STU2189,BA101,PRESENT
STU2190,DS201,PRESENT
STU2191,DS201,ABSENCE_REQUIRES_REVIEW
STU2192,DS201,PRESENT
STU2193,DS201,PRESENT
STU2194,ME102,ABSENCE_REQUIRES_REVIEW
STU2195,BA101,PRESENT
STU2196,EE301,PRESENT
STU2197,CS101,PRESENT
STU2198,ME102,NOT_YET_VERIFIED
STU2199,EE301,NOT_YET_VERIFIED
STU2200,BA101,PRESENT
