student_id,course_id,class_id,classroom_id,scheduled_date,scheduled_start_time,scheduled_end_time
STU1001,ME102,CL_ME102_2,RM404,2023-10-23,11:00:00,13:00:00
STU1002,CS101,CL_CS101_2,RM101,2023-10-23,11:00:00,13:00:00
STU1003,BA101,CL_BA101_1,RM505,2023-10-23,11:00:00,13:00:00
STU1004,ME102,CL_ME102_2,RM404,2023-10-23,09:00:00,11:00:00
STU1005,EE301,CL_EE301_2,RM303,2023-10-23,09:00:00,11:00:00
STU1006,BA101,CL_BA101_1,RM505,2023-10-23,09:00:00,11:00:00
STU1007,CS101,CL_CS101_2,RM101,2023-10-23,09:00:00,11:00:00
STU1008,CS101,CL_CS101_1,RM101,2023-10-23,09:00:00,11:00:00
STU1009,BA101,CL_BA101_1,RM505,2023-10-23,11:00:00,13:00:00
STU1010,ME102,CL_ME102_2,RM404,2023-10-23,11:00:00,13:00:00
STU1011,BA101,CL_BA101_2,RM505,2023-10-23,11:00:00,13:00:00
STU1012,BA101,CL_BA101_2,RM505,2023-10-23,11:00:00,13:00:00
STU1013,EE301,CL_EE301_1,RM303,2023-10-23,09:00:00,11:00:00
STU1014,ME102,CL_ME102_2,RM404,2023-10-23,11:00:00,13:00:00
STU1015,BA101,CL_BA101_1,RM505,2023-10-23,09:00:00,11:00:00
STU1016,DS201,CL_DS201_2,RM202,2023-10-23,11:00:00,13:00:00
STU1017,ME102,CL_ME102_1,RM404,2023-10-23,11:00:00,13:00:00
STU1018,DS201,CL_DS201_1,RM202,2023-10-23,09:00:00,11:00:00
STU1019,BA101,CL_BA101_2,RM505,2023-10-23,11:00:00,13:00:00
STU1020,ME102,CL_ME102_1,RM404,2023-10-23,09:00:00,11:00:00
STU1021,CS101,CL_CS101_1,RM101,2023-10-23,11:00:00,13:00:00
STU1022,DS201,CL_DS201_2,RM202,2023-10-23,09:00:00,11:00:00
STU1023,BA101,CL_BA101_2,RM505,2023-10-23,09:00:00,11:00:00
STU1024,DS201,CL_DS201_2,RM202,2023-10-23,11:00:00,13:00:00
STU1025,DS201,CL_DS201_1,RM202,2023-10-23,09:00:00,11:00:00
STU1026,DS201,CL_DS201_2,RM202,2023-10-23,09:00:00,11:00:00
STU1027,ME102,CL_ME102_1,RM404,2023-10-23,09:00:00,11:00:00
STU1028,ME102,CL_ME102_2,RM404,2023-10-23,09:00:00,11:00:00
STU1029,CS101,CL_CS101_2,RM101,2023-10-23,09:00:00,11:00:00
STU1030,EE301,CL_EE301_2,RM303,2023-10-23,11:00:00,13:00:00
STU1031,EE301,CL_EE301_2,RM303,2023-10-23,11:00:00,13:00:00
STU1032,BA101,CL_BA101_2,RM505,2023-10-23,09:00:00,11:00:00
STU1033,BA101,CL_BA101_1,RM505,2023-10-23,09:00:00,11:00:00
STU1034,CS101,CL_CS101_2,RM101,2023-10-23,11:00:00,13:00:00
STU1035,EE301,CL_EE301_2,RM303,2023-10-23,11:00:00,13:00:00
STU1036,ME102,CL_ME102_1,RM404,2023-10-23,11:00:00,13:00:00
STU1037,BA101,CL_BA101_2,RM505,2023-10-23,11:00:00,13:00:00
STU1038,CS101,CL_CS101_1,RM101,2023-10-23,09:00:00,11:00:00
STU1039,DS201,CL_DS201_2,RM202,2023-10-23,09:00:00,11:00:00
STU1040,DS201,CL_DS201_2,RM202,2023-10-23,09:00:00,11:00:00
STU1041,ME102,CL_ME102_2,RM404,2023-10-23,11:00:00,13:00:00
STU1042,BA101,CL_BA101_2,RM505,2023-10-23,11:00:00,13:00:00
STU1043,CS101,CL_CS101_1,RM101,2023-10-23,09:00:00,11:00:00
STU1044,BA101,CL_BA101_1,RM505,2023-10-23,11:00:00,13:00:00
STU1045,EE301,CL_EE301_2,RM303,2023-10-23,09:00:00,11:00:00
STU1046,ME102,CL_ME102_1,RM404,2023-10-23,11:00:00,13:00:00
STU1047,ME102,CL_ME102_1,RM404,2023-10-23,11:00:00,13:00:00
STU1048,EE301,CL_EE301_1,RM303,2023-10-23,11:00:00,13:00:00
STU1049,EE301,CL_EE301_2,RM303,2023-10-23,09:00:00,11:00:00
STU1050,ME102,CL_ME102_1,RM404,2023-10-23,11:00:00,13:00:00
STU1051,ME102,CL_ME102_1,RM404,2023-10-23,11:00:00,13:00:00
STU1052,EE301,CL_EE301_1,RM303,2023-10-23,09:00:00,11:00:00
STU1053,EE301,CL_EE301_2,RM303,2023-10-23,09:00:00,11:00:00
STU1054,BA101,CL_BA101_1,RM505,2023-10-23,11:00:00,13:00:00
STU1055,CS101,CL_CS101_1,RM101,2023-10-23,09:00:00,11:00:00
STU1056,CS101,CL_CS101_2,RM101,2023-10-23,09:00:00,11:00:00
STU1057,ME102,CL_ME102_1,RM404,2023-10-23,09:00:00,11:00:00
STU1058,CS101,CL_CS101_2,RM101,2023-10-23,09:00:00,11:00:00
STU1059,DS201,CL_DS201_1,RM202,2023-10-23,09:00:00,11:00:00
STU1060,EE301,CL_EE301_2,RM303,2023-10-23,11:00:00,13:00:00
STU1061,BA101,CL_BA101_1,RM505,2023-10-23,09:00:00,11:00:00
STU1062,DS201,CL_DS201_2,RM202,2023-10-23,11:00:00,13:00:00
STU1063,CS101,CL_CS101_1,RM101,2023-10-23,09:00:00,11:00:00
STU1064,CS101,CL_CS101_1,RM101,2023-10-23,09:00:00,11:00:00
STU1065,DS201,CL_DS201_2,RM202,2023-10-23,11:00:00,13:00:00
STU1066,CS101,CL_CS101_2,RM101,2023-10-23,11:00:00,13:00:00
STU1067,BA101,CL_BA101_2,RM505,2023-10-23,09:00:00,11:00:00
STU1068,DS201,CL_DS201_2,RM202,2023-10-23,09:00:00,11:00:00
STU1069,BA101,CL_BA101_1,RM505,2023-10-23,11:00:00,13:00:00
STU1070,BA101,CL_BA101_2,RM505,2023-10-23,09:00:00,11:00:00
STU1071,BA101,CL_BA101_2,RM505,2023-10-23,09:00:00,11:00:00
STU1072,CS101,CL_CS101_2,RM101,2023-10-23,11:00:00,13:00:00
STU1073,DS201,CL_DS201_2,RM202,2023-10-23,11:00:00,13:00:00
STU1074,EE301,CL_EE301_2,RM303,2023-10-23,11:00:00,13:00:00
STU1075,ME102,CL_ME102_1,RM404,2023-10-23,11:00:00,13:00:00
STU1076,EE301,CL_EE301_1,RM303,2023-10-23,11:00:00,13:00:00
STU1077,DS201,CL_DS201_1,RM202,2023-10-23,11:00:00,13:00:00
STU1078,DS201,CL_DS201_1,RM202,2023-10-23,09:00:00,11:00:00
STU1079,CS101,CL_CS101_1,RM101,2023-10-23,09:00:00,11:00:00
STU1080,CS101,CL_CS101_1,RM101,2023-10-23,11:00:00,13:00:00
STU1081,DS201,CL_DS201_2,RM202,2023-10-23,09:00:00,11:00:00
STU1082,EE301,CL_EE301_1,RM303,2023-10-23,11:00:00,13:00:00
STU1083,ME102,CL_ME102_2,RM404,2023-10-23,11:00:00,13:00:00
STU1084,CS101,CL_CS101_1,RM101,2023-10-23,11:00:00,13:00:00
STU1085,ME102,CL_ME102_2,RM404,2023-10-23,09:00:00,11:00:00
STU1086,DS201,CL_DS201_1,RM202,2023-10-23,11:00:00,13:00:00
STU1087,EE301,CL_EE301_1,RM303,2023-10-23,09:00:00,11:00:00
STU1088,CS101,CL_CS101_2,RM101,2023-10-23,11:00:00,13:00:00
STU1089,DS201,CL_DS201_2,RM202,2023-10-23,11:00:00,13:00:00
STU1090,ME102,CL_ME102_2,RM404,2023-10-23,11:00:00,13:00:00
STU1091,DS201,CL_DS201_2,RM202,2023-10-23,11:00:00,13:00:00
STU1092,EE301,CL_EE301_1,RM303,2023-10-23,09:00:00,11:00:00
STU1093,DS201,CL_DS201_2,RM202,2023-10-23,11:00:00,13:00:00
STU1094,CS101,CL_CS101_2,RM101,2023-10-23,11:00:00,13:00:00
STU1095,DS201,CL_DS201_1,RM202,2023-10-23,09:00:00,11:00:00
STU1096,DS201,CL_DS201_2,RM202,2023-10-23,11:00:00,13:00:00
STU1097,DS201,CL_DS201_2,RM202,2023-10-23,09:00:00,11:00:00
STU1098,CS101,CL_CS101_2,RM101,2023-10-23,09:00:00,11:00:00
STU1099,EE301,CL_EE301_2,RM303,2023-10-23,11:00:00,13:00:00
STU1100,CS101,CL_CS101_2,RM101,2023-10-23,09:00:00,11:00:00
STU1101,BA101,CL_BA101_1,RM505,2023-10-23,09:00:00,11:00:00
STU1102,DS201,CL_DS201_2,RM202,2023-10-23,11:00:00,13:00:00
STU1103,BA101,CL_BA101_1,RM505,2023-10-23,11:00:00,13:00:00
STU1104,ME102,CL_ME102_2,RM404,2023-10-23,09:00:00,11:00:00
STU1105,BA101,CL_BA101_2,RM505,2023-10-23,11:00:00,13:00:00
STU1106,CS101,CL_CS101_2,RM101,2023-10-23,11:00:00,13:00:00
STU1107,CS101,CL_CS101_1,RM101,2023-10-23,11:00:00,13:00:00
STU1108,ME102,CL_ME102_2,RM404,2023-10-23,11:00:00,13:00:00
STU1109,BA101,CL_BA101_2,RM505,2023-10-23,09:00:00,11:00:00
STU1110,BA101,CL_BA101_2,RM505,2023-10-23,09:00:00,11:00:00
STU1111,EE301,CL_EE301_1,RM303,2023-10-23,11:00:00,13:00:00
STU1112,DS201,CL_DS201_2,RM202,2023-10-23,11:00:00,13:00:00
STU1113,EE301,CL_EE301_1,RM303,2023-10-23,09:00:00,11:00:00
STU1114,CS101,CL_CS101_2,RM101,2023-10-23,09:00:00,11:00:00
STU1115,DS201,CL_DS201_1,RM202,2023-10-23,11:00:00,13:00:00
STU1116,ME102,CL_ME102_1,RM404,2023-10-23,09:00:00,11:00:00
STU1117,EE301,CL_EE301_1,RM303,2023-10-23,11:00:00,13:00:00
STU1118,BA101,CL_BA101_1,RM505,2023-10-23,11:00:00,13:00:00
STU1119,ME102,CL_ME102_2,RM404,2023-10-23,09:00:00,11:00:00
STU1120,CS101,CL_CS101_2,RM101,2023-10-23,09:00:00,11:00:00
STU1121,BA101,CL_BA101_1,RM505,2023-10-23,11:00:00,13:00:00
STU1122,BA101,CL_BA101_1,RM505,2023-10-23,09:00:00,11:00:00
STU1123,ME102,CL_ME102_2,RM404,2023-10-23,09:00:00,11:00:00
STU1124,DS201,CL_DS201_1,RM202,2023-10-23,11:00:00,13:00:00
STU1125,CS101,CL_CS101_2,RM101,2023-10-23,09:00:00,11:00:00
STU1126,DS201,CL_DS201_2,RM202,2023-10-23,11:00:00,13:00:00
STU1127,ME102,CL_ME102_2,RM404,2023-10-23,09:00:00,11:00:00
STU1128,DS201,CL_DS201_2,RM202,2023-10-23,09:00:00,11:00:00
STU1129,CS101,CL_CS101_2,RM101,2023-10-23,11:00:00,13:00:00
STU1130,BA101,CL_BA101_1,RM505,2023-10-23,09:00:00,11:00:00
STU1131,DS201,CL_DS201_1,RM202,2023-10-23,09:00:00,11:00:00
STU1132,DS201,CL_DS201_2,RM202,2023-10-23,09:00:00,11:00:00
STU1133,DS201,CL_DS201_2,RM202,2023-10-23,09:00:00,11:00:00
STU1134,EE301,CL_EE301_2,RM303,2023-10-23,09:00:00,11:00:00
STU1135,BA101,CL_BA101_2,RM505,2023-10-23,09:00:00,11:00:00
STU1136,BA101,CL_BA101_1,RM505,2023-10-23,11:00:00,13:00:00
STU1137,EE301,CL_EE301_2,RM303,2023-10-23,09:00:00,11:00:00
STU1138,DS201,CL_DS201_1,RM202,2023-10-23,11:00:00,13:00:00
STU1139,BA101,CL_BA101_1,RM505,2023-10-23,11:00:00,13:00:00
STU1140,BA101,CL_BA101_1,RM505,2023-10-23,09:00:00,11:00:00
STU1141,DS201,CL_DS201_2,RM202,2023-10-23,09:00:00,11:00:00
STU1142,DS201,CL_DS201_2,RM202,2023-10-23,09:00:00,11:00:00
STU1143,EE301,CL_EE301_2,RM303,2023-10-23,09:00:00,11:00:00
STU1144,ME102,CL_ME102_1,RM404,2023-10-23,11:00:00,13:00:00
STU1145,BA101,CL_BA101_1,RM505,2023-10-23,11:00:00,13:00:00
STU1146,DS201,CL_DS201_2,RM202,2023-10-23,09:00:00,11:00:00
STU1147,BA101,CL_BA101_1,RM505,2023-10-23,09:00:00,11:00:00
STU1148,ME102,CL_ME102_2,RM404,2023-10-23,11:00:00,13:00:00
STU1149,EE301,CL_EE301_1,RM303,2023-10-23,11:00:00,13:00:00
STU1150,CS101,CL_CS101_2,RM101,2023-10-23,09:00:00,11:00:00
STU1151,DS201,CL_DS201_2,RM202,2023-10-23,09:00:00,11:00:00
STU1152,CS101,CL_CS101_2,RM101,2023-10-23,11:00:00,13:00:00
STU1153,ME102,CL_ME102_2,RM404,2023-10-23,09:00:00,11:00:00
STU1154,ME102,CL_ME102_1,RM404,2023-10-23,09:00:00,11:00:00
STU1155,CS101,CL_CS101_1,RM101,2023-10-23,09:00:00,11:00:00
STU1156,ME102,CL_ME102_2,RM404,2023-10-23,11:00:00,13:00:00
STU1157,CS101,CL_CS101_2,RM101,2023-10-23,09:00:00,11:00:00
STU1158,DS201,CL_DS201_2,RM202,2023-10-23,11:00:00,13:00:00
STU1159,EE301,CL_EE301_1,RM303,2023-10-23,09:00:00,11:00:00
STU1160,CS101,CL_CS101_1,RM101,2023-10-23,11:00:00,13:00:00
STU1161,EE301,CL_EE301_1,RM303,2023-10-23,11:00:00,13:00:00
STU1162,EE301,CL_EE301_2,RM303,2023-10-23,11:00:00,13:00:00
STU1163,CS101,CL_CS101_1,RM101,2023-10-23,11:00:00,13:00:00
STU1164,ME102,CL_ME102_2,RM404,2023-10-23,11:00:00,13:00:00
STU1165,ME102,CL_ME102_1,RM404,2023-10-23,09:00:00,11:00:00
STU1166,EE301,CL_EE301_1,RM303,2023-10-23,11:00:00,13:00:00
STU1167,CS101,CL_CS101_1,RM101,2023-10-23,09:00:00,11:00:00
STU1168,EE301,CL_EE301_1,RM303,2023-10-23,09:00:00,11:00:00
STU1169,EE301,CL_EE301_2,RM303,2023-10-23,11:00:00,13:00:00
STU1170,CS101,CL_CS101_1,RM101,2023-10-23,09:00:00,11:00:00
STU1171,BA101,CL_BA101_1,RM505,2023-10-23,09:00:00,11:00:00
STU1172,CS101,CL_CS101_2,RM101,2023-10-23,11:00:00,13:00:00
STU1173,BA101,CL_BA101_2,RM505,2023-10-23,09:00:00,11:00:00
STU1174,BA101,CL_BA101_1,RM505,2023-10-23,11:00:00,13:00:00
STU1175,ME102,CL_ME102_2,RM404,2023-10-23,09:00:00,11:00:00
STU1176,ME102,CL_ME102_2,RM404,2023-10-23,09:00:00,11:00:00
STU1177,EE301,CL_EE301_1,RM303,2023-10-23,09:00:00,11:00:00
STU1178,CS101,CL_CS101_1,RM101,2023-10-23,09:00:00,11:00:00
STU1179,CS101,CL_CS101_1,RM101,2023-10-23,11:00:00,13:00:00
STU1180,ME102,CL_ME102_2,RM404,2023-10-23,11:00:00,13:00:00
STU1181,BA101,CL_BA101_2,RM505,2023-10-23,09:00:00,11:00:00
STU1182,DS201,CL_DS201_1,RM202,2023-10-23,09:00:00,11:00:00
STU1183,EE301,CL_EE301_1,RM303,2023-10-23,09:00:00,11:00:00
STU1184,BA101,CL_BA101_1,RM505,2023-10-23,09:00:00,11:00:00
STU1185,ME102,CL_ME102_1,RM404,2023-10-23,09:00:00,11:00:00
STU1186,DS201,CL_DS201_2,RM202,2023-10-23,09:00:00,11:00:00
STU1187,CS101,CL_CS101_1,RM101,2023-10-23,11:00:00,13:00:00
STU1188,ME102,CL_ME102_1,RM404,2023-10-23,09:00:00,11:00:00
STU1189,ME102,CL_ME102_2,RM404,2023-10-23,09:00:00,11:00:00
STU1190,DS201,CL_DS201_2,RM202,2023-10-23,11:00:00,13:00:00
STU1191,DS201,CL_DS201_2,RM202,2023-10-23,11:00:00,13:00:00
STU1192,BA101,CL_BA101_2,RM505,2023-10-23,11:00:00,13:00:00
STU1193,DS201,CL_DS201_2,RM202,2023-10-23,09:00:00,11:00:00
STU1194,EE301,CL_EE301_1,RM303,2023-10-23,11:00:00,13:00:00
STU1195,CS101,CL_CS101_1,RM101,2023-10-23,11:00:00,13:00:00
STU1196,EE301,CL_EE301_1,RM303,2023-10-23,09:00:00,11:00:00
STU1197,BA101,CL_BA101_1,RM505,2023-10-23,09:00:00,11:00:00
STU1198,DS201,CL_DS201_1,RM202,2023-10-23,09:00:00,11:00:00
STU1199,DS201,CL_DS201_1,RM202,2023-10-23,09:00:00,11:00:00
STU1200,ME102,CL_ME102_1,RM404,2023-10-23,09:00:00,11:00:00
STU1201,EE301,CL_EE301_1,RM303,2023-10-23,09:00:00,11:00:00
STU1202,DS201,CL_DS201_1,RM202,2023-10-23,09:00:00,11:00:00
STU1203,ME102,CL_ME102_2,RM404,2023-10-23,09:00:00,11:00:00
STU1204,DS201,CL_DS201_1,RM202,2023-10-23,11:00:00,13:00:00
STU1205,DS201,CL_DS201_2,RM202,2023-10-23,09:00:00,11:00:00
STU1206,EE301,CL_EE301_2,RM303,2023-10-23,11:00:00,13:00:00
STU1207,BA101,CL_BA101_2,RM505,2023-10-23,11:00:00,13:00:00
STU1208,DS201,CL_DS201_1,RM202,2023-10-23,09:00:00,11:00:00
STU1209,ME102,CL_ME102_1,RM404,2023-10-23,11:00:00,13:00:00
STU1210,DS201,CL_DS201_2,RM202,2023-10-23,11:00:00,13:00:00
STU1211,EE301,CL_EE301_1,RM303,2023-10-23,11:00:00,13:00:00
STU1212,EE301,CL_EE301_2,RM303,2023-10-23,09:00:00,11:00:00
STU1213,ME102,CL_ME102_1,RM404,2023-10-23,09:00:00,11:00:00
STU1214,CS101,CL_CS101_2,RM101,2023-10-23,11:00:00,13:00:00
STU1215,DS201,CL_DS201_1,RM202,2023-10-23,11:00:00,13:00:00
STU1216,EE301,CL_EE301_2,RM303,2023-10-23,09:00:00,11:00:00
STU1217,EE301,CL_EE301_2,RM303,2023-10-23,09:00:00,11:00:00
STU1218,CS101,CL_CS101_1,RM101,2023-10-23,11:00:00,13:00:00
STU1219,BA101,CL_BA101_2,RM505,2023-10-23,11:00:00,13:00:00
STU1220,EE301,CL_EE301_2,RM303,2023-10-23,09:00:00,11:00:00
STU1221,DS201,CL_DS201_2,RM202,2023-10-23,11:00:00,13:00:00
STU1222,ME102,CL_ME102_1,RM404,2023-10-23,11:00:00,13:00:00
STU1223,ME102,CL_ME102_2,RM404,2023-10-23,09:00:00,11:00:00
STU1224,DS201,CL_DS201_1,RM202,2023-10-23,09:00:00,11:00:00
STU1225,ME102,CL_ME102_1,RM404,2023-10-23,11:00:00,13:00:00
STU1226,BA101,CL_BA101_1,RM505,2023-10-23,09:00:00,11:00:00
STU1227,EE301,CL_EE301_2,RM303,2023-10-23,11:00:00,13:00:00
STU1228,CS101,CL_CS101_2,RM101,2023-10-23,11:00:00,13:00:00
STU1229,ME102,CL_ME102_1,RM404,2023-10-23,09:00:00,11:00:00
STU1230,BA101,CL_BA101_1,RM505,2023-10-23,09:00:00,11:00:00
STU1231,EE301,CL_EE301_1,RM303,2023-10-23,11:00:00,13:00:00
STU1232,BA101,CL_BA101_2,RM505,2023-10-23,09:00:00,11:00:00
STU1233,BA101,CL_BA101_1,RM505,2023-10-23,09:00:00,11:00:00
STU1234,CS101,CL_CS101_2,RM101,2023-10-23,11:00:00,13:00:00
STU1235,BA101,CL_BA101_1,RM505,2023-10-23,11:00:00,13:00:00
STU1236,ME102,CL_ME102_1,RM404,2023-10-23,09:00:00,11:00:00
STU1237,CS101,CL_CS101_2,RM101,2023-10-23,11:00:00,13:00:00
STU1238,EE301,CL_EE301_1,RM303,2023-10-23,11:00:00,13:00:00
STU1239,ME102,CL_ME102_1,RM404,2023-10-23,11:00:00,13:00:00
STU1240,ME102,CL_ME102_1,RM404,2023-10-23,11:00:00,13:00:00
STU1241,DS201,CL_DS201_1,RM202,2023-10-23,11:00:00,13:00:00
STU1242,EE301,CL_EE301_2,RM303,2023-10-23,11:00:00,13:00:00
STU1243,DS201,CL_DS201_2,RM202,2023-10-23,11:00:00,13:00:00
STU1244,DS201,CL_DS201_1,RM202,2023-10-23,11:00:00,13:00:00
STU1245,CS101,CL_CS101_1,RM101,2023-10-23,09:00:00,11:00:00
STU1246,DS201,CL_DS201_1,RM202,2023-10-23,11:00:00,13:00:00
STU1247,DS201,CL_DS201_2,RM202,2023-10-23,11:00:00,13:00:00
STU1248,BA101,CL_BA101_1,RM505,2023-10-23,09:00:00,11:00:00
STU1249,BA101,CL_BA101_1,RM505,2023-10-23,11:00:00,13:00:00
STU1250,DS201,CL_DS201_1,RM202,2023-10-23,09:00:00,11:00:00
STU1251,EE301,CL_EE301_1,RM303,2023-10-23,09:00:00,11:00:00
STU1252,EE301,CL_EE301_2,RM303,2023-10-23,09:00:00,11:00:00
STU1253,CS101,CL_CS101_2,RM101,2023-10-23,11:00:00,13:00:00
STU1254,DS201,CL_DS201_2,RM202,2023-10-23,09:00:00,11:00:00
STU1255,DS201,CL_DS201_1,RM202,2023-10-23,09:00:00,11:00:00
STU1256,EE301,CL_EE301_1,RM303,2023-10-23,09:00:00,11:00:00
STU1257,ME102,CL_ME102_1,RM404,2023-10-23,11:00:00,13:00:00
STU1258,CS101,CL_CS101_1,RM101,2023-10-23,11:00:00,13:00:00
STU1259,ME102,CL_ME102_1,RM404,2023-10-23,11:00:00,13:00:00
STU1260,CS101,CL_CS101_2,RM101,2023-10-23,09:00:00,11:00:00
STU1261,CS101,CL_CS101_2,RM101,2023-10-23,11:00:00,13:00:00
STU1262,EE301,CL_EE301_1,RM303,2023-10-23,11:00:00,13:00:00
STU1263,CS101,CL_CS101_1,RM101,2023-10-23,09:00:00,11:00:00
STU1264,EE301,CL_EE301_1,RM303,2023-10-23,09:00:00,11:00:00
STU1265,DS201,CL_DS201_1,RM202,2023-10-23,09:00:00,11:00:00
STU1266,DS201,CL_DS201_1,RM202,2023-10-23,09:00:00,11:00:00
STU1267,DS201,CL_DS201_2,RM202,2023-10-23,09:00:00,11:00:00
STU1268,ME102,CL_ME102_2,RM404,2023-10-23,09:00:00,11:00:00
STU1269,DS201,CL_DS201_1,RM202,2023-10-23,09:00:00,11:00:00
STU1270,CS101,CL_CS101_2,RM101,2023-10-23,09:00:00,11:00:00
STU1271,EE301,CL_EE301_1,RM303,2023-10-23,11:00:00,13:00:00
STU1272,CS101,CL_CS101_2,RM101,2023-10-23,09:00:00,11:00:00
STU1273,ME102,CL_ME102_1,RM404,2023-10-23,09:00:00,11:00:00
STU1274,EE301,CL_EE301_1,RM303,2023-10-23,09:00:00,11:00:00
STU1275,ME102,CL_ME102_1,RM404,2023-10-23,09:00:00,11:00:00
STU1276,DS201,CL_DS201_1,RM202,2023-10-23,09:00:00,11:00:00
STU1277,DS201,CL_DS201_1,RM202,2023-10-23,11:00:00,13:00:00
STU1278,ME102,CL_ME102_1,RM404,2023-10-23,09:00:00,11:00:00
STU1279,EE301,CL_EE301_2,RM303,2023-10-23,11:00:00,13:00:00
STU1280,DS201,CL_DS201_2,RM202,2023-10-23,09:00:00,11:00:00
STU1281,ME102,CL_ME102_2,RM404,2023-10-23,09:00:00,11:00:00
STU1282,EE301,CL_EE301_2,RM303,2023-10-23,11:00:00,13:00:00
STU1283,BA101,CL_BA101_1,RM505,2023-10-23,09:00:00,11:00:00
STU1284,DS201,CL_DS201_2,RM202,2023-10-23,11:00:00,13:00:00
STU1285,ME102,CL_ME102_1,RM404,2023-10-23,11:00:00,13:00:00
STU1286,BA101,CL_BA101_1,RM505,2023-10-23,09:00:00,11:00:00
STU1287,CS101,CL_CS101_1,RM101,2023-10-23,09:00:00,11:00:00
STU1288,BA101,CL_BA101_2,RM505,2023-10-23,11:00:00,13:00:00
STU1289,BA101,CL_BA101_1,RM505,2023-10-23,09:00:00,11:00:00
STU1290,BA101,CL_BA101_1,RM505,2023-10-23,09:00:00,11:00:00
STU1291,DS201,CL_DS201_1,RM202,2023-10-23,09:00:00,11:00:00
STU1292,BA101,CL_BA101_1,RM505,2023-10-23,09:00:00,11:00:00
STU1293,BA101,CL_BA101_2,RM505,2023-10-23,09:00:00,11:00:00
STU1294,BA101,CL_BA101_2,RM505,2023-10-23,09:00:00,11:00:00
STU1295,EE301,CL_EE301_1,RM303,2023-10-23,11:00:00,13:00:00
STU1296,DS201,CL_DS201_2,RM202,2023-10-23,09:00:00,11:00:00
STU1297,ME102,CL_ME102_1,RM404,2023-10-23,09:00:00,11:00:00
STU1298,DS201,CL_DS201_1,RM202,2023-10-23,09:00:00,11:00:00
STU1299,BA101,CL_BA101_1,RM505,2023-10-23,11:00:00,13:00:00
STU1300,ME102,CL_ME102_2,RM404,2023-10-23,09:00:00,11:00:00
STU1301,ME102,CL_ME102_2,RM404,2023-10-23,09:00:00,11:00:00
STU1302,EE301,CL_EE301_1,RM303,2023-10-23,09:00:00,11:00:00
STU1303,CS101,CL_CS101_1,RM101,2023-10-23,09:00:00,11:00:00
STU1304,CS101,CL_CS101_2,RM101,2023-10-23,09:00:00,11:00:00
STU1305,DS201,CL_DS201_1,RM202,2023-10-23,09:00:00,11:00:00
STU1306,DS201,CL_DS201_1,RM202,2023-10-23,11:00:00,13:00:00
STU1307,ME102,CL_ME102_1,RM404,2023-10-23,11:00:00,13:00:00
STU1308,BA101,CL_BA101_1,RM505,2023-10-23,09:00:00,11:00:00
STU1309,EE301,CL_EE301_2,RM303,2023-10-23,11:00:00,13:00:00
STU1310,CS101,CL_CS101_2,RM101,2023-10-23,11:00:00,13:00:00
STU1311,EE301,CL_EE301_1,RM303,2023-10-23,09:00:00,11:00:00
STU1312,BA101,CL_BA101_2,RM505,2023-10-23,09:00:00,11:00:00
STU1313,EE301,CL_EE301_1,RM303,2023-10-23,11:00:00,13:00:00
STU1314,DS201,CL_DS201_2,RM202,2023-10-23,09:00:00,11:00:00
STU1315,BA101,CL_BA101_2,RM505,2023-10-23,09:00:00,11:00:00
STU1316,ME102,CL_ME102_1,RM404,2023-10-23,11:00:00,13:00:00
STU1317,BA101,CL_BA101_2,RM505,2023-10-23,11:00:00,13:00:00
STU1318,CS101,CL_CS101_1,RM101,2023-10-23,09:00:00,11:00:00
STU1319,CS101,CL_CS101_1,RM101,2023-10-23,11:00:00,13:00:00
STU1320,ME102,CL_ME102_2,RM404,2023-10-23,11:00:00,13:00:00
STU1321,CS101,CL_CS101_2,RM101,2023-10-23,11:00:00,13:00:00
STU1322,BA101,CL_BA101_2,RM505,2023-10-23,09:00:00,11:00:00
STU1323,ME102,CL_ME102_1,RM404,2023-10-23,09:00:00,11:00:00
STU1324,ME102,CL_ME102_2,RM404,2023-10-23,09:00:00,11:00:00
STU1325,BA101,CL_BA101_2,RM505,2023-10-23,09:00:00,11:00:00
STU1326,EE301,CL_EE301_2,RM303,2023-10-23,09:00:00,11:00:00
STU1327,EE301,CL_EE301_2,RM303,2023-10-23,09:00:00,11:00:00
STU1328,CS101,CL_CS101_2,RM101,2023-10-23,09:00:00,11:00:00
STU1329,CS101,CL_CS101_1,RM101,2023-10-23,11:00:00,13:00:00
STU1330,DS201,CL_DS201_2,RM202,2023-10-23,11:00:00,13:00:00
STU1331,BA101,CL_BA101_1,RM505,2023-10-23,11:00:00,13:00:00
STU1332,BA101,CL_BA101_1,RM505,2023-10-23,09:00:00,11:00:00
STU1333,CS101,CL_CS101_2,RM101,2023-10-23,09:00:00,11:00:00
STU1334,CS101,CL_CS101_2,RM101,2023-10-23,09:00:00,11:00:00
STU1335,EE301,CL_EE301_1,RM303,2023-10-23,09:00:00,11:00:00
STU1336,EE301,CL_EE301_1,RM303,2023-10-23,11:00:00,13:00:00
STU1337,BA101,CL_BA101_2,RM505,2023-10-23,11:00:00,13:00:00
STU1338,DS201,CL_DS201_2,RM202,2023-10-23,09:00:00,11:00:00
STU1339,DS201,CL_DS201_2,RM202,2023-10-23,09:00:00,11:00:00
STU1340,EE301,CL_EE301_1,RM303,2023-10-23,09:00:00,11:00:00
STU1341,CS101,CL_CS101_2,RM101,2023-10-23,09:00:00,11:00:00
STU1342,BA101,CL_BA101_1,RM505,2023-10-23,11:00:00,13:00:00
STU1343,BA101,CL_BA101_2,RM505,2023-10-23,11:00:00,13:00:00
STU1344,EE301,CL_EE301_1,RM303,2023-10-23,09:00:00,11:00:00
STU1345,DS201,CL_DS201_1,RM202,2023-10-23,11:00:00,13:00:00
STU1346,EE301,CL_EE301_1,RM303,2023-10-23,11:00:00,13:00:00
STU1347,CS101,CL_CS101_2,RM101,2023-10-23,11:00:00,13:00:00
STU1348,CS101,CL_CS101_1,RM101,2023-10-23,11:00:00,13:00:00
STU1349,ME102,CL_ME102_2,RM404,2023-10-23,11:00:00,13:00:00
STU1350,DS201,CL_DS201_2,RM202,2023-10-23,11:00:00,13:00:00
STU1351,EE301,CL_EE301_1,RM303,2023-10-23,09:00:00,11:00:00
STU1352,ME102,CL_ME102_2,RM404,2023-10-23,09:00:00,11:00:00
STU1353,EE301,CL_EE301_2,RM303,2023-10-23,09:00:00,11:00:00
STU1354,DS201,CL_DS201_1,RM202,2023-10-23,09:00:00,11:00:00
STU1355,ME102,CL_ME102_2,RM404,2023-10-23,11:00:00,13:00:00
STU1356,ME102,CL_ME102_2,RM404,2023-10-23,11:00:00,13:00:00
STU1357,BA101,CL_BA101_1,RM505,2023-10-23,09:00:00,11:00:00
STU1358,CS101,CL_CS101_1,RM101,2023-10-23,11:00:00,13:00:00
STU1359,BA101,CL_BA101_2,RM505,2023-10-23,09:00:00,11:00:00
STU1360,EE301,CL_EE301_2,RM303,2023-10-23,09:00:00,11:00:00
STU1361,BA101,CL_BA101_2,RM505,2023-10-23,09:00:00,11:00:00
STU1362,CS101,CL_CS101_1,RM101,2023-10-23,11:00:00,13:00:00
STU1363,EE301,CL_EE301_1,RM303,2023-10-23,09:00:00,11:00:00
STU1364,DS201,CL_DS201_2,RM202,2023-10-23,09:00:00,11:00:00
STU1365,DS201,CL_DS201_2,RM202,2023-10-23,11:00:00,13:00:00
STU1366,CS101,CL_CS101_1,RM101,2023-10-23,11:00:00,13:00:00
STU1367,DS201,CL_DS201_1,RM202,2023-10-23,09:00:00,11:00:00
STU1368,CS101,CL_CS101_2,RM101,2023-10-23,11:00:00,13:00:00
STU1369,CS101,CL_CS101_1,RM101,2023-10-23,09:00:00,11:00:00
STU1370,DS201,CL_DS201_1,RM202,2023-10-23,09:00:00,11:00:00
STU1371,ME102,CL_ME102_1,RM404,2023-10-23,09:00:00,11:00:00
STU1372,ME102,CL_ME102_1,RM404,2023-10-23,11:00:00,13:00:00
STU1373,CS101,CL_CS101_1,RM101,2023-10-23,11:00:00,13:00:00
STU1374,CS101,CL_CS101_2,RM101,2023-10-23,09:00:00,11:00:00
STU1375,EE301,CL_EE301_1,RM303,2023-10-23,11:00:00,13:00:00
STU1376,ME102,CL_ME102_1,RM404,2023-10-23,11:00:00,13:00:00
STU1377,CS101,CL_CS101_1,RM101,2023-10-23,09:00:00,11:00:00
STU1378,CS101,CL_CS101_1,RM101,2023-10-23,09:00:00,11:00:00
STU1379,EE301,CL_EE301_1,RM303,2023-10-23,11:00:00,13:00:00
STU1380,BA101,CL_BA101_1,RM505,2023-10-23,09:00:00,11:00:00
STU1381,DS201,CL_DS201_2,RM202,2023-10-23,11:00:00,13:00:00
STU1382,ME102,CL_ME102_2,RM404,2023-10-23,11:00:00,13:00:00
STU1383,EE301,CL_EE301_2,RM303,2023-10-23,09:00:00,11:00:00
STU1384,CS101,CL_CS101_2,RM101,2023-10-23,09:00:00,11:00:00
STU1385,EE301,CL_EE301_1,RM303,2023-10-23,11:00:00,13:00:00
STU1386,CS101,CL_CS101_2,RM101,2023-10-23,09:00:00,11:00:00
STU1387,BA101,CL_BA101_1,RM505,2023-10-23,09:00:00,11:00:00
STU1388,BA101,CL_BA101_1,RM505,2023-10-23,11:00:00,13:00:00
STU1389,BA101,CL_BA101_1,RM505,2023-10-23,11:00:00,13:00:00
STU1390,DS201,CL_DS201_2,RM202,2023-10-23,11:00:00,13:00:00
STU1391,EE301,CL_EE301_1,RM303,2023-10-23,09:00:00,11:00:00
STU1392,ME102,CL_ME102_1,RM404,2023-10-23,09:00:00,11:00:00
STU1393,DS201,CL_DS201_1,RM202,2023-10-23,09:00:00,11:00:00
STU1394,CS101,CL_CS101_2,RM101,2023-10-23,09:00:00,11:00:00
STU1395,EE301,CL_EE301_2,RM303,2023-10-23,11:00:00,13:00:00
STU1396,ME102,CL_ME102_1,RM404,2023-10-23,09:00:00,11:00:00
STU1397,EE301,CL_EE301_2,RM303,2023-10-23,09:00:00,11:00:00
STU1398,DS201,CL_DS201_1,RM202,2023-10-23,11:00:00,13:00:00
STU1399,EE301,CL_EE301_2,RM303,2023-10-23,09:00:00,11:00:00
STU1400,DS201,CL_DS201_2,RM202,2023-10-23,11:00:00,13:00:00
STU1401,ME102,CL_ME102_1,RM404,2023-10-23,11:00:00,13:00:00
STU1402,BA101,CL_BA101_1,RM505,2023-10-23,09:00:00,11:00:00
STU1403,DS201,CL_DS201_1,RM202,2023-10-23,11:00:00,13:00:00
STU1404,CS101,CL_CS101_1,RM101,2023-10-23,09:00:00,11:00:00
STU1405,BA101,CL_BA101_2,RM505,2023-10-23,09:00:00,11:00:00
STU1406,ME102,CL_ME102_1,RM404,2023-10-23,11:00:00,13:00:00
STU1407,CS101,CL_CS101_1,RM101,2023-10-23,11:00:00,13:00:00
STU1408,ME102,CL_ME102_2,RM404,2023-10-23,09:00:00,11:00:00
STU1409,DS201,CL_DS201_1,RM202,2023-10-23,09:00:00,11:00:00
STU1410,DS201,CL_DS201_2,RM202,2023-10-23,11:00:00,13:00:00
STU1411,EE301,CL_EE301_2,RM303,2023-10-23,09:00:00,11:00:00
STU1412,BA101,CL_BA101_2,RM505,2023-10-23,09:00:00,11:00:00
STU1413,BA101,CL_BA101_2,RM505,2023-10-23,09:00:00,11:00:00
STU1414,ME102,CL_ME102_1,RM404,2023-10-23,11:00:00,13:00:00
STU1415,BA101,CL_BA101_2,RM505,2023-10-23,09:00:00,11:00:00
STU1416,EE301,CL_EE301_1,RM303,2023-10-23,09:00:00,11:00:00
STU1417,DS201,CL_DS201_1,RM202,2023-10-23,11:00:00,13:00:00
STU1418,BA101,CL_BA101_1,RM505,2023-10-23,11:00:00,13:00:00
STU1419,EE301,CL_EE301_1,RM303,2023-10-23,11:00:00,13:00:00
STU1420,ME102,CL_ME102_2,RM404,2023-10-23,09:00:00,11:00:00
STU1421,CS101,CL_CS101_1,RM101,2023-10-23,09:00:00,11:00:00
STU1422,EE301,CL_EE301_1,RM303,2023-10-23,09:00:00,11:00:00
STU1423,CS101,CL_CS101_2,RM101,2023-10-23,11:00:00,13:00:00
STU1424,CS101,CL_CS101_2,RM101,2023-10-23,09:00:00,11:00:00
STU1425,BA101,CL_BA101_2,RM505,2023-10-23,09:00:00,11:00:00
STU1426,EE301,CL_EE301_1,RM303,2023-10-23,09:00:00,11:00:00
STU1427,ME102,CL_ME102_1,RM404,2023-10-23,11:00:00,13:00:00
STU1428,ME102,CL_ME102_2,RM404,2023-10-23,11:00:00,13:00:00
STU1429,EE301,CL_EE301_1,RM303,2023-10-23,11:00:00,13:00:00
STU1430,BA101,CL_BA101_1,RM505,2023-10-23,11:00:00,13:00:00
STU1431,BA101,CL_BA101_2,RM505,2023-10-23,11:00:00,13:00:00
STU1432,BA101,CL_BA101_1,RM505,2023-10-23,09:00:00,11:00:00
STU1433,EE301,CL_EE301_2,RM303,2023-10-23,09:00:00,11:00:00
STU1434,CS101,CL_CS101_1,RM101,2023-10-23,11:00:00,13:00:00
STU1435,DS201,CL_DS201_1,RM202,2023-10-23,09:00:00,11:00:00
STU1436,DS201,CL_DS201_2,RM202,2023-10-23,09:00:00,11:00:00
STU1437,DS201,CL_DS201_2,RM202,2023-10-23,11:00:00,13:00:00
STU1438,BA101,CL_BA101_2,RM505,2023-10-23,09:00:00,11:00:00
STU1439,BA101,CL_BA101_2,RM505,2023-10-23,09:00:00,11:00:00
STU1440,DS201,CL_DS201_1,RM202,2023-10-23,11:00:00,13:00:00
STU1441,ME102,CL_ME102_1,RM404,2023-10-23,11:00:00,13:00:00
STU1442,ME102,CL_ME102_1,RM404,2023-10-23,09:00:00,11:00:00
STU1443,EE301,CL_EE301_1,RM303,2023-10-23,09:00:00,11:00:00
STU1444,EE301,CL_EE301_1,RM303,2023-10-23,11:00:00,13:00:00
STU1445,BA101,CL_BA101_1,RM505,2023-10-23,09:00:00,11:00:00
STU1446,EE301,CL_EE301_2,RM303,2023-10-23,09:00:00,11:00:00
STU1447,ME102,CL_ME102_1,RM404,2023-10-23,09:00:00,11:00:00
STU1448,BA101,CL_BA101_2,RM505,2023-10-23,11:00:00,13:00:00
STU1449,CS101,CL_CS101_2,RM101,2023-10-23,09:00:00,11:00:00
STU1450,BA101,CL_BA101_1,RM505,2023-10-23,11:00:00,13:00:00
STU1451,ME102,CL_ME102_1,RM404,2023-10-23,11:00:00,13:00:00
STU1452,BA101,CL_BA101_2,RM505,2023-10-23,11:00:00,13:00:00
STU1453,EE301,CL_EE301_1,RM303,2023-10-23,11:00:00,13:00:00
STU1454,DS201,CL_DS201_2,RM202,2023-10-23,09:00:00,11:00:00
STU1455,ME102,CL_ME102_1,RM404,2023-10-23,09:00:00,11:00:00
STU1456,DS201,CL_DS201_2,RM202,2023-10-23,11:00:00,13:00:00
STU1457,CS101,CL_CS101_1,RM101,2023-10-23,11:00:00,13:00:00
STU1458,EE301,CL_EE301_1,RM303,2023-10-23,11:00:00,13:00:00
STU1459,DS201,CL_DS201_2,RM202,2023-10-23,11:00:00,13:00:00
STU1460,CS101,CL_CS101_1,RM101,2023-10-23,09:00:00,11:00:00
STU1461,ME102,CL_ME102_1,RM404,2023-10-23,09:00:00,11:00:00
STU1462,CS101,CL_CS101_2,RM101,2023-10-23,11:00:00,13:00:00
STU1463,ME102,CL_ME102_1,RM404,2023-10-23,09:00:00,11:00:00
STU1464,CS101,CL_CS101_1,RM101,2023-10-23,11:00:00,13:00:00
STU1465,CS101,CL_CS101_1,RM101,2023-10-23,09:00:00,11:00:00
STU1466,BA101,CL_BA101_1,RM505,2023-10-23,11:00:00,13:00:00
STU1467,CS101,CL_CS101_2,RM101,2023-10-23,09:00:00,11:00:00
STU1468,BA101,CL_BA101_2,RM505,2023-10-23,09:00:00,11:00:00
STU1469,CS101,CL_CS101_1,RM101,2023-10-23,11:00:00,13:00:00
STU1470,EE301,CL_EE301_2,RM303,2023-10-23,09:00:00,11:00:00
STU1471,ME102,CL_ME102_1,RM404,2023-10-23,09:00:00,11:00:00
STU1472,BA101,CL_BA101_2,RM505,2023-10-23,11:00:00,13:00:00
STU1473,DS201,CL_DS201_2,RM202,2023-10-23,09:00:00,11:00:00
STU1474,DS201,CL_DS201_2,RM202,2023-10-23,11:00:00,13:00:00
STU1475,CS101,CL_CS101_2,RM101,2023-10-23,11:00:00,13:00:00
STU1476,ME102,CL_ME102_2,RM404,2023-10-23,11:00:00,13:00:00
STU1477,DS201,CL_DS201_2,RM202,2023-10-23,09:00:00,11:00:00
STU1478,DS201,CL_DS201_2,RM202,2023-10-23,11:00:00,13:00:00
STU1479,DS201,CL_DS201_2,RM202,2023-10-23,09:00:00,11:00:00
STU1480,CS101,CL_CS101_2,RM101,2023-10-23,09:00:00,11:00:00
STU1481,ME102,CL_ME102_1,RM404,2023-10-23,11:00:00,13:00:00
STU1482,DS201,CL_DS201_2,RM202,2023-10-23,09:00:00,11:00:00
STU1483,CS101,CL_CS101_2,RM101,2023-10-23,11:00:00,13:00:00
STU1484,CS101,CL_CS101_1,RM101,2023-10-23,09:00:00,11:00:00
STU1485,DS201,CL_DS201_1,RM202,2023-10-23,11:00:00,13:00:00
STU1486,CS101,CL_CS101_2,RM101,2023-10-23,09:00:00,11:00:00
STU1487,EE301,CL_EE301_1,RM303,2023-10-23,09:00:00,11:00:00
STU1488,EE301,CL_EE301_1,RM303,2023-10-23,11:00:00,13:00:00
STU1489,ME102,CL_ME102_2,RM404,2023-10-23,09:00:00,11:00:00
STU1490,CS101,CL_CS101_1,RM101,2023-10-23,09:00:00,11:00:00
STU1491,CS101,CL_CS101_1,RM101,2023-10-23,09:00:00,11:00:00
STU1492,CS101,CL_CS101_1,RM101,2023-10-23,11:00:00,13:00:00
STU1493,DS201,CL_DS201_1,RM202,2023-10-23,11:00:00,13:00:00
STU1494,BA101,CL_BA101_1,RM505,2023-10-23,11:00:00,13:00:00
STU1495,ME102,CL_ME102_2,RM404,2023-10-23,11:00:00,13:00:00
STU1496,ME102,CL_ME102_1,RM404,2023-10-23,09:00:00,11:00:00
STU1497,DS201,CL_DS201_1,RM202,2023-10-23,11:00:00,13:00:00
STU1498,BA101,CL_BA101_2,RM505,2023-10-23,11:00:00,13:00:00
STU1499,EE301,CL_EE301_1,RM303,2023-10-23,09:00:00,11:00:00
STU1500,BA101,CL_BA101_1,RM505,2023-10-23,11:00:00,13:00:00
STU1501,DS201,CL_DS201_2,RM202,2023-10-23,11:00:00,13:00:00
STU1502,BA101,CL_BA101_1,RM505,2023-10-23,09:00:00,11:00:00
STU1503,ME102,CL_ME102_2,RM404,2023-10-23,11:00:00,13:00:00
STU1504,CS101,CL_CS101_2,RM101,2023-10-23,09:00:00,11:00:00
STU1505,DS201,CL_DS201_1,RM202,2023-10-23,11:00:00,13:00:00
STU1506,ME102,CL_ME102_1,RM404,2023-10-23,11:00:00,13:00:00
STU1507,DS201,CL_DS201_2,RM202,2023-10-23,11:00:00,13:00:00
STU1508,BA101,CL_BA101_1,RM505,2023-10-23,09:00:00,11:00:00
STU1509,CS101,CL_CS101_1,RM101,2023-10-23,09:00:00,11:00:00
STU1510,CS101,CL_CS101_1,RM101,2023-10-23,11:00:00,13:00:00
STU1511,CS101,CL_CS101_2,RM101,2023-10-23,09:00:00,11:00:00
STU1512,BA101,CL_BA101_1,RM505,2023-10-23,11:00:00,13:00:00
STU1513,BA101,CL_BA101_2,RM505,2023-10-23,11:00:00,13:00:00
STU1514,BA101,CL_BA101_1,RM505,2023-10-23,11:00:00,13:00:00
STU1515,ME102,CL_ME102_1,RM404,2023-10-23,09:00:00,11:00:00
STU1516,CS101,CL_CS101_2,RM101,2023-10-23,09:00:00,11:00:00
STU1517,ME102,CL_ME102_2,RM404,2023-10-23,09:00:00,11:00:00
STU1518,DS201,CL_DS201_1,RM202,2023-10-23,11:00:00,13:00:00
STU1519,ME102,CL_ME102_2,RM404,2023-10-23,11:00:00,13:00:00
STU1520,CS101,CL_CS101_2,RM101,2023-10-23,11:00:00,13:00:00
STU1521,CS101,CL_CS101_2,RM101,2023-10-23,11:00:00,13:00:00
STU1522,DS201,CL_DS201_1,RM202,2023-10-23,11:00:00,13:00:00
STU1523,CS101,CL_CS101_1,RM101,2023-10-23,11:00:00,13:00:00
STU1524,ME102,CL_ME102_1,RM404,2023-10-23,09:00:00,11:00:00
STU1525,DS201,CL_DS201_1,RM202,2023-10-23,09:00:00,11:00:00
STU1526,EE301,CL_EE301_1,RM303,2023-10-23,11:00:00,13:00:00
STU1527,CS101,CL_CS101_2,RM101,2023-10-23,11:00:00,13:00:00
STU1528,CS101,CL_CS101_2,RM101,2023-10-23,11:00:00,13:00:00
STU1529,CS101,CL_CS101_2,RM101,2023-10-23,11:00:00,13:00:00
STU1530,BA101,CL_BA101_1,RM505,2023-10-23,09:00:00,11:00:00
STU1531,BA101,CL_BA101_1,RM505,2023-10-23,09:00:00,11:00:00
STU1532,BA101,CL_BA101_2,RM505,2023-10-23,09:00:00,11:00:00
STU1533,BA101,CL_BA101_2,RM505,2023-10-23,11:00:00,13:00:00
STU1534,BA101,CL_BA101_2,RM505,2023-10-23,09:00:00,11:00:00
STU1535,DS201,CL_DS201_2,RM202,2023-10-23,11:00:00,13:00:00
STU1536,BA101,CL_BA101_1,RM505,2023-10-23,09:00:00,11:00:00
STU1537,DS201,CL_DS201_2,RM202,2023-10-23,09:00:00,11:00:00
STU1538,CS101,CL_CS101_2,RM101,2023-10-23,09:00:00,11:00:00
STU1539,BA101,CL_BA101_2,RM505,2023-10-23,11:00:00,13:00:00
STU1540,DS201,CL_DS201_2,RM202,2023-10-23,11:00:00,13:00:00
STU1541,BA101,CL_BA101_1,RM505,2023-10-23,09:00:00,11:00:00
STU1542,EE301,CL_EE301_2,RM303,2023-10-23,11:00:00,13:00:00
STU1543,BA101,CL_BA101_1,RM505,2023-10-23,11:00:00,13:00:00
STU1544,ME102,CL_ME102_2,RM404,2023-10-23,09:00:00,11:00:00
STU1545,DS201,CL_DS201_2,RM202,2023-10-23,09:00:00,11:00:00
STU1546,ME102,CL_ME102_2,RM404,2023-10-23,11:00:00,13:00:00
STU1547,DS201,CL_DS201_1,RM202,2023-10-23,09:00:00,11:00:00
STU1548,BA101,CL_BA101_2,RM505,2023-10-23,11:00:00,13:00:00
STU1549,ME102,CL_ME102_1,RM404,2023-10-23,09:00:00,11:00:00
STU1550,ME102,CL_ME102_2,RM404,2023-10-23,11:00:00,13:00:00
STU1551,ME102,CL_ME102_2,RM404,2023-10-23,09:00:00,11:00:00
STU1552,BA101,CL_BA101_1,RM505,2023-10-23,11:00:00,13:00:00
STU1553,DS201,CL_DS201_1,RM202,2023-10-23,11:00:00,13:00:00
STU1554,ME102,CL_ME102_2,RM404,2023-10-23,09:00:00,11:00:00
STU1555,BA101,CL_BA101_2,RM505,2023-10-23,09:00:00,11:00:00
STU1556,DS201,CL_DS201_2,RM202,2023-10-23,09:00:00,11:00:00
STU1557,CS101,CL_CS101_1,RM101,2023-10-23,11:00:00,13:00:00
STU1558,EE301,CL_EE301_2,RM303,2023-10-23,11:00:00,13:00:00
STU1559,BA101,CL_BA101_2,RM505,2023-10-23,11:00:00,13:00:00
STU1560,BA101,CL_BA101_1,RM505,2023-10-23,09:00:00,11:00:00
STU1561,CS101,CL_CS101_2,RM101,2023-10-23,09:00:00,11:00:00
STU1562,BA101,CL_BA101_2,RM505,2023-10-23,09:00:00,11:00:00
STU1563,EE301,CL_EE301_2,RM303,2023-10-23,11:00:00,13:00:00
STU1564,DS201,CL_DS201_2,RM202,2023-10-23,11:00:00,13:00:00
STU1565,BA101,CL_BA101_1,RM505,2023-10-23,11:00:00,13:00:00
STU1566,DS201,CL_DS201_2,RM202,2023-10-23,11:00:00,13:00:00
STU1567,DS201,CL_DS201_1,RM202,2023-10-23,09:00:00,11:00:00
STU1568,BA101,CL_BA101_2,RM505,2023-10-23,11:00:00,13:00:00
STU1569,DS201,CL_DS201_1,RM202,2023-10-23,09:00:00,11:00:00
STU1570,EE301,CL_EE301_1,RM303,2023-10-23,11:00:00,13:00:00
STU1571,EE301,CL_EE301_2,RM303,2023-10-23,09:00:00,11:00:00
STU1572,DS201,CL_DS201_2,RM202,2023-10-23,11:00:00,13:00:00
STU1573,DS201,CL_DS201_2,RM202,2023-10-23,11:00:00,13:00:00
STU1574,DS201,CL_DS201_2,RM202,2023-10-23,09:00:00,11:00:00
STU1575,BA101,CL_BA101_1,RM505,2023-10-23,09:00:00,11:00:00
STU1576,EE301,CL_EE301_1,RM303,2023-10-23,11:00:00,13:00:00
STU1577,DS201,CL_DS201_2,RM202,2023-10-23,09:00:00,11:00:00
STU1578,EE301,CL_EE301_1,RM303,2023-10-23,11:00:00,13:00:00
STU1579,ME102,CL_ME102_2,RM404,2023-10-23,11:00:00,13:00:00
STU1580,BA101,CL_BA101_1,RM505,2023-10-23,11:00:00,13:00:00
STU1581,BA101,CL_BA101_2,RM505,2023-10-23,11:00:00,13:00:00
STU1582,EE301,CL_EE301_1,RM303,2023-10-23,11:00:00,13:00:00
STU1583,CS101,CL_CS101_2,RM101,2023-10-23,09:00:00,11:00:00
STU1584,BA101,CL_BA101_1,RM505,2023-10-23,09:00:00,11:00:00
STU1585,CS101,CL_CS101_2,RM101,2023-10-23,11:00:00,13:00:00
STU1586,DS201,CL_DS201_1,RM202,2023-10-23,09:00:00,11:00:00
STU1587,BA101,CL_BA101_1,RM505,2023-10-23,11:00:00,13:00:00
STU1588,EE301,CL_EE301_1,RM303,2023-10-23,09:00:00,11:00:00
STU1589,EE301,CL_EE301_2,RM303,2023-10-23,09:00:00,11:00:00
STU1590,EE301,CL_EE301_2,RM303,2023-10-23,09:00:00,11:00:00
STU1591,EE301,CL_EE301_1,RM303,2023-10-23,11:00:00,13:00:00
STU1592,EE301,CL_EE301_1,RM303,2023-10-23,11:00:00,13:00:00
STU1593,CS101,CL_CS101_1,RM101,2023-10-23,09:00:00,11:00:00
STU1594,EE301,CL_EE301_2,RM303,2023-10-23,09:00:00,11:00:00
STU1595,ME102,CL_ME102_1,RM404,2023-10-23,09:00:00,11:00:00
STU1596,ME102,CL_ME102_2,RM404,2023-10-23,11:00:00,13:00:00
STU1597,CS101,CL_CS101_2,RM101,2023-10-23,09:00:00,11:00:00
STU1598,DS201,CL_DS201_2,RM202,2023-10-23,09:00:00,11:00:00
STU1599,CS101,CL_CS101_2,RM101,2023-10-23,09:00:00,11:00:00
STU1600,DS201,CL_DS201_2,RM202,2023-10-23,11:00:00,13:00:00
STU1601,BA101,CL_BA101_2,RM505,2023-10-23,09:00:00,11:00:00
STU1602,BA101,CL_BA101_1,RM505,2023-10-23,09:00:00,11:00:00
STU1603,ME102,CL_ME102_2,RM404,2023-10-23,09:00:00,11:00:00
STU1604,EE301,CL_EE301_1,RM303,2023-10-23,09:00:00,11:00:00
STU1605,BA101,CL_BA101_2,RM505,2023-10-23,11:00:00,13:00:00
STU1606,DS201,CL_DS201_2,RM202,2023-10-23,09:00:00,11:00:00
STU1607,BA101,CL_BA101_2,RM505,2023-10-23,11:00:00,13:00:00
STU1608,CS101,CL_CS101_2,RM101,2023-10-23,11:00:00,13:00:00
STU1609,ME102,CL_ME102_2,RM404,2023-10-23,11:00:00,13:00:00
STU1610,EE301,CL_EE301_1,RM303,2023-10-23,09:00:00,11:00:00
STU1611,ME102,CL_ME102_2,RM404,2023-10-23,11:00:00,13:00:00
STU1612,EE301,CL_EE301_2,RM303,2023-10-23,11:00:00,13:00:00
STU1613,EE301,CL_EE301_2,RM303,2023-10-23,11:00:00,13:00:00
STU1614,DS201,CL_DS201_2,RM202,2023-10-23,09:00:00,11:00:00
STU1615,BA101,CL_BA101_1,RM505,2023-10-23,09:00:00,11:00:00
STU1616,ME102,CL_ME102_1,RM404,2023-10-23,11:00:00,13:00:00
STU1617,DS201,CL_DS201_1,RM202,2023-10-23,09:00:00,11:00:00
STU1618,CS101,CL_CS101_2,RM101,2023-10-23,09:00:00,11:00:00
STU1619,EE301,CL_EE301_1,RM303,2023-10-23,09:00:00,11:00:00
STU1620,CS101,CL_CS101_1,RM101,2023-10-23,09:00:00,11:00:00
STU1621,CS101,CL_CS101_2,RM101,2023-10-23,11:00:00,13:00:00
STU1622,CS101,CL_CS101_1,RM101,2023-10-23,09:00:00,11:00:00
STU1623,EE301,CL_EE301_2,RM303,2023-10-23,11:00:00,13:00:00
STU1624,CS101,CL_CS101_2,RM101,2023-10-23,09:00:00,11:00:00
STU1625,BA101,CL_BA101_1,RM505,2023-10-23,09:00:00,11:00:00
STU1626,EE301,CL_EE301_2,RM303,2023-10-23,11:00:00,13:00:00
STU1627,BA101,CL_BA101_2,RM505,2023-10-23,11:00:00,13:00:00
STU1628,BA101,CL_BA101_1,RM505,2023-10-23,11:00:00,13:00:00
STU1629,ME102,CL_ME102_2,RM404,2023-10-23,09:00:00,11:00:00
STU1630,ME102,CL_ME102_2,RM404,2023-10-23,11:00:00,13:00:00
STU1631,ME102,CL_ME102_1,RM404,2023-10-23,09:00:00,11:00:00
STU1632,DS201,CL_DS201_1,RM202,2023-10-23,11:00:00,13:00:00
STU1633,EE301,CL_EE301_1,RM303,2023-10-23,11:00:00,13:00:00
STU1634,CS101,CL_CS101_1,RM101,2023-10-23,09:00:00,11:00:00
STU1635,BA101,CL_BA101_1,RM505,2023-10-23,09:00:00,11:00:00
STU1636,DS201,CL_DS201_1,RM202,2023-10-23,09:00:00,11:00:00
STU1637,DS201,CL_DS201_1,RM202,2023-10-23,09:00:00,11:00:00
STU1638,EE301,CL_EE301_1,RM303,2023-10-23,09:00:00,11:00:00
STU1639,ME102,CL_ME102_1,RM404,2023-10-23,09:00:00,11:00:00
STU1640,BA101,CL_BA101_2,RM505,2023-10-23,09:00:00,11:00:00
STU1641,EE301,CL_EE301_1,RM303,2023-10-23,11:00:00,13:00:00
STU1642,DS201,CL_DS201_2,RM202,2023-10-23,11:00:00,13:00:00
STU1643,CS101,CL_CS101_2,RM101,2023-10-23,09:00:00,11:00:00
STU1644,ME102,CL_ME102_2,RM404,2023-10-23,09:00:00,11:00:00
STU1645,DS201,CL_DS201_2,RM202,2023-10-23,09:00:00,11:00:00
STU1646,ME102,CL_ME102_2,RM404,2023-10-23,11:00:00,13:00:00
STU1647,EE301,CL_EE301_2,RM303,2023-10-23,11:00:00,13:00:00
STU1648,ME102,CL_ME102_2,RM404,2023-10-23,09:00:00,11:00:00
STU1649,DS201,CL_DS201_2,RM202,2023-10-23,09:00:00,11:00:00
STU1650,DS201,CL_DS201_2,RM202,2023-10-23,09:00:00,11:00:00
STU1651,ME102,CL_ME102_1,RM404,2023-10-23,09:00:00,11:00:00
STU1652,ME102,CL_ME102_1,RM404,2023-10-23,09:00:00,11:00:00
STU1653,ME102,CL_ME102_2,RM404,2023-10-23,09:00:00,11:00:00
STU1654,DS201,CL_DS201_2,RM202,2023-10-23,09:00:00,11:00:00
STU1655,DS201,CL_DS201_2,RM202,2023-10-23,09:00:00,11:00:00
STU1656,DS201,CL_DS201_1,RM202,2023-10-23,09:00:00,11:00:00
STU1657,EE301,CL_EE301_1,RM303,2023-10-23,09:00:00,11:00:00
STU1658,DS201,CL_DS201_2,RM202,2023-10-23,09:00:00,11:00:00
STU1659,DS201,CL_DS201_2,RM202,2023-10-23,09:00:00,11:00:00
STU1660,EE301,CL_EE301_2,RM303,2023-10-23,09:00:00,11:00:00
STU1661,DS201,CL_DS201_1,RM202,2023-10-23,09:00:00,11:00:00
STU1662,DS201,CL_DS201_2,RM202,2023-10-23,11:00:00,13:00:00
STU1663,DS201,CL_DS201_2,RM202,2023-10-23,09:00:00,11:00:00
STU1664,BA101,CL_BA101_2,RM505,2023-10-23,11:00:00,13:00:00
STU1665,ME102,CL_ME102_2,RM404,2023-10-23,09:00:00,11:00:00
STU1666,ME102,CL_ME102_1,RM404,2023-10-23,11:00:00,13:00:00
STU1667,DS201,CL_DS201_2,RM202,2023-10-23,11:00:00,13:00:00
STU1668,DS201,CL_DS201_2,RM202,2023-10-23,09:00:00,11:00:00
STU1669,EE301,CL_EE301_2,RM303,2023-10-23,11:00:00,13:00:00
STU1670,BA101,CL_BA101_1,RM505,2023-10-23,09:00:00,11:00:00
STU1671,ME102,CL_ME102_1,RM404,2023-10-23,11:00:00,13:00:00
STU1672,DS201,CL_DS201_2,RM202,2023-10-23,09:00:00,11:00:00
STU1673,CS101,CL_CS101_1,RM101,2023-10-23,09:00:00,11:00:00
STU1674,EE301,CL_EE301_2,RM303,2023-10-23,09:00:00,11:00:00
STU1675,BA101,CL_BA101_1,RM505,2023-10-23,11:00:00,13:00:00
STU1676,DS201,CL_DS201_2,RM202,2023-10-23,11:00:00,13:00:00
STU1677,DS201,CL_DS201_1,RM202,2023-10-23,09:00:00,11:00:00
STU1678,DS201,CL_DS201_1,RM202,2023-10-23,09:00:00,11:00:00
STU1679,DS201,CL_DS201_2,RM202,2023-10-23,11:00:00,13:00:00
STU1680,CS101,CL_CS101_1,RM101,2023-10-23,09:00:00,11:00:00
STU1681,CS101,CL_CS101_2,RM101,2023-10-23,09:00:00,11:00:00
STU1682,BA101,CL_BA101_2,RM505,2023-10-23,11:00:00,13:00:00
STU1683,BA101,CL_BA101_2,RM505,2023-10-23,11:00:00,13:00:00
STU1684,DS201,CL_DS201_2,RM202,2023-10-23,11:00:00,13:00:00
STU1685,DS201,CL_DS201_2,RM202,2023-10-23,09:00:00,11:00:00
STU1686,CS101,CL_CS101_1,RM101,2023-10-23,09:00:00,11:00:00
STU1687,CS101,CL_CS101_2,RM101,2023-10-23,11:00:00,13:00:00
STU1688,DS201,CL_DS201_1,RM202,2023-10-23,11:00:00,13:00:00
STU1689,BA101,CL_BA101_1,RM505,2023-10-23,11:00:00,13:00:00
STU1690,ME102,CL_ME102_2,RM404,2023-10-23,09:00:00,11:00:00
STU1691,DS201,CL_DS201_1,RM202,2023-10-23,09:00:00,11:00:00
STU1692,CS101,CL_CS101_1,RM101,2023-10-23,09:00:00,11:00:00
STU1693,BA101,CL_BA101_1,RM505,2023-10-23,11:00:00,13:00:00
STU1694,CS101,CL_CS101_1,RM101,2023-10-23,11:00:00,13:00:00
STU1695,ME102,CL_ME102_1,RM404,2023-10-23,11:00:00,13:00:00
STU1696,CS101,CL_CS101_1,RM101,2023-10-23,09:00:00,11:00:00
STU1697,BA101,CL_BA101_2,RM505,2023-10-23,11:00:00,13:00:00
STU1698,CS101,CL_CS101_2,RM101,2023-10-23,09:00:00,11:00:00
STU1699,CS101,CL_CS101_1,RM101,2023-10-23,09:00:00,11:00:00
STU1700,ME102,CL_ME102_1,RM404,2023-10-23,09:00:00,11:00:00
STU1701,DS201,CL_DS201_1,RM202,2023-10-23,09:00:00,11:00:00
STU1702,DS201,CL_DS201_2,RM202,2023-10-23,09:00:00,11:00:00
STU1703,ME102,CL_ME102_1,RM404,2023-10-23,11:00:00,13:00:00
STU1704,CS101,CL_CS101_1,RM101,2023-10-23,09:00:00,11:00:00
STU1705,CS101,CL_CS101_2,RM101,2023-10-23,09:00:00,11:00:00
STU1706,ME102,CL_ME102_1,RM404,2023-10-23,09:00:00,11:00:00
STU1707,DS201,CL_DS201_1,RM202,2023-10-23,09:00:00,11:00:00
STU1708,BA101,CL_BA101_2,RM505,2023-10-23,09:00:00,11:00:00
STU1709,DS201,CL_DS201_2,RM202,2023-10-23,11:00:00,13:00:00
STU1710,DS201,CL_DS201_1,RM202,2023-10-23,09:00:00,11:00:00
STU1711,CS101,CL_CS101_1,RM101,2023-10-23,11:00:00,13:00:00
STU1712,ME102,CL_ME102_2,RM404,2023-10-23,11:00:00,13:00:00
STU1713,DS201,CL_DS201_1,RM202,2023-10-23,09:00:00,11:00:00
STU1714,ME102,CL_ME102_1,RM404,2023-10-23,11:00:00,13:00:00
STU1715,DS201,CL_DS201_1,RM202,2023-10-23,11:00:00,13:00:00
STU1716,CS101,CL_CS101_2,RM101,2023-10-23,09:00:00,11:00:00
STU1717,CS101,CL_CS101_1,RM101,2023-10-23,11:00:00,13:00:00
STU1718,EE301,CL_EE301_2,RM303,2023-10-23,09:00:00,11:00:00
STU1719,DS201,CL_DS201_2,RM202,2023-10-23,09:00:00,11:00:00
STU1720,ME102,CL_ME102_1,RM404,2023-10-23,09:00:00,11:00:00
STU1721,BA101,CL_BA101_2,RM505,2023-10-23,09:00:00,11:00:00
STU1722,EE301,CL_EE301_1,RM303,2023-10-23,11:00:00,13:00:00
STU1723,CS101,CL_CS101_2,RM101,2023-10-23,09:00:00,11:00:00
STU1724,DS201,CL_DS201_1,RM202,2023-10-23,11:00:00,13:00:00
STU1725,CS101,CL_CS101_2,RM101,2023-10-23,09:00:00,11:00:00
STU1726,CS101,CL_CS101_2,RM101,2023-10-23,09:00:00,11:00:00
STU1727,DS201,CL_DS201_2,RM202,2023-10-23,11:00:00,13:00:00
STU1728,BA101,CL_BA101_2,RM505,2023-10-23,11:00:00,13:00:00
STU1729,ME102,CL_ME102_1,RM404,2023-10-23,11:00:00,13:00:00
STU1730,DS201,CL_DS201_2,RM202,2023-10-23,09:00:00,11:00:00
STU1731,CS101,CL_CS101_1,RM101,2023-10-23,09:00:00,11:00:00
STU1732,DS201,CL_DS201_1,RM202,2023-10-23,11:00:00,13:00:00
STU1733,ME102,CL_ME102_2,RM404,2023-10-23,09:00:00,11:00:00
STU1734,BA101,CL_BA101_2,RM505,2023-10-23,09:00:00,11:00:00
STU1735,DS201,CL_DS201_2,RM202,2023-10-23,11:00:00,13:00:00
STU1736,CS101,CL_CS101_1,RM101,2023-10-23,09:00:00,11:00:00
STU1737,ME102,CL_ME102_2,RM404,2023-10-23,09:00:00,11:00:00
STU1738,ME102,CL_ME102_2,RM404,2023-10-23,09:00:00,11:00:00
STU1739,DS201,CL_DS201_1,RM202,2023-10-23,09:00:00,11:00:00
STU1740,EE301,CL_EE301_2,RM303,2023-10-23,09:00:00,11:00:00
STU1741,EE301,CL_EE301_1,RM303,2023-10-23,11:00:00,13:00:00
STU1742,CS101,CL_CS101_2,RM101,2023-10-23,09:00:00,11:00:00
STU1743,CS101,CL_CS101_1,RM101,2023-10-23,09:00:00,11:00:00
STU1744,CS101,CL_CS101_2,RM101,2023-10-23,09:00:00,11:00:00
STU1745,ME102,CL_ME102_2,RM404,2023-10-23,11:00:00,13:00:00
STU1746,EE301,CL_EE301_2,RM303,2023-10-23,11:00:00,13:00:00
STU1747,BA101,CL_BA101_2,RM505,2023-10-23,09:00:00,11:00:00
STU1748,ME102,CL_ME102_2,RM404,2023-10-23,11:00:00,13:00:00
STU1749,EE301,CL_EE301_1,RM303,2023-10-23,11:00:00,13:00:00
STU1750,DS201,CL_DS201_2,RM202,2023-10-23,11:00:00,13:00:00
STU1751,CS101,CL_CS101_2,RM101,2023-10-23,09:00:00,11:00:00
STU1752,ME102,CL_ME102_1,RM404,2023-10-23,11:00:00,13:00:00
STU1753,CS101,CL_CS101_1,RM101,2023-10-23,09:00:00,11:00:00
STU1754,CS101,CL_CS101_1,RM101,2023-10-23,09:00:00,11:00:00
STU1755,DS201,CL_DS201_2,RM202,2023-10-23,09:00:00,11:00:00
STU1756,BA101,CL_BA101_1,RM505,2023-10-23,09:00:00,11:00:00
STU1757,ME102,CL_ME102_2,RM404,2023-10-23,11:00:00,13:00:00
STU1758,CS101,CL_CS101_1,RM101,2023-10-23,11:00:00,13:00:00
STU1759,ME102,CL_ME102_1,RM404,2023-10-23,09:00:00,11:00:00
STU1760,BA101,CL_BA101_2,RM505,2023-10-23,09:00:00,11:00:00
STU1761,ME102,CL_ME102_1,RM404,2023-10-23,09:00:00,11:00:00
STU1762,BA101,CL_BA101_1,RM505,2023-10-23,09:00:00,11:00:00
STU1763,EE301,CL_EE301_2,RM303,2023-10-23,09:00:00,11:00:00
STU1764,CS101,CL_CS101_1,RM101,2023-10-23,09:00:00,11:00:00
STU1765,ME102,CL_ME102_1,RM404,2023-10-23,11:00:00,13:00:00
STU1766,DS201,CL_DS201_2,RM202,2023-10-23,09:00:00,11:00:00
STU1767,DS201,CL_DS201_1,RM202,2023-10-23,11:00:00,13:00:00
STU1768,CS101,CL_CS101_2,RM101,2023-10-23,11:00:00,13:00:00
STU1769,BA101,CL_BA101_2,RM505,2023-10-23,11:00:00,13:00:00
STU1770,EE301,CL_EE301_2,RM303,2023-10-23,09:00:00,11:00:00
STU1771,DS201,CL_DS201_1,RM202,2023-10-23,09:00:00,11:00:00
STU1772,CS101,CL_CS101_2,RM101,2023-10-23,09:00:00,11:00:00
STU1773,DS201,CL_DS201_2,RM202,2023-10-23,11:00:00,13:00:00
STU1774,ME102,CL_ME102_2,RM404,2023-10-23,11:00:00,13:00:00
STU1775,BA101,CL_BA101_2,RM505,2023-10-23,11:00:00,13:00:00
STU1776,CS101,CL_CS101_1,RM101,2023-10-23,09:00:00,11:00:00
STU1777,BA101,CL_BA101_2,RM505,2023-10-23,09:00:00,11:00:00
STU1778,DS201,CL_DS201_2,RM202,2023-10-23,09:00:00,11:00:00
STU1779,DS201,CL_DS201_2,RM202,2023-10-23,11:00:00,13:00:00
STU1780,ME102,CL_ME102_2,RM404,2023-10-23,11:00:00,13:00:00
STU1781,DS201,CL_DS201_2,RM202,2023-10-23,09:00:00,11:00:00
STU1782,BA101,CL_BA101_1,RM505,2023-10-23,09:00:00,11:00:00
STU1783,DS201,CL_DS201_1,RM202,2023-10-23,11:00:00,13:00:00
STU1784,CS101,CL_CS101_2,RM101,2023-10-23,09:00:00,11:00:00
STU1785,ME102,CL_ME102_2,RM404,2023-10-23,11:00:00,13:00:00
STU1786,CS101,CL_CS101_2,RM101,2023-10-23,11:00:00,13:00:00
STU1787,BA101,CL_BA101_1,RM505,2023-10-23,09:00:00,11:00:00
STU1788,CS101,CL_CS101_2,RM101,2023-10-23,09:00:00,11:00:00
STU1789,BA101,CL_BA101_2,RM505,2023-10-23,11:00:00,13:00:00
STU1790,CS101,CL_CS101_1,RM101,2023-10-23,11:00:00,13:00:00
STU1791,CS101,CL_CS101_1,RM101,2023-10-23,11:00:00,13:00:00
STU1792,BA101,CL_BA101_2,RM505,2023-10-23,09:00:00,11:00:00
STU1793,BA101,CL_BA101_2,RM505,2023-10-23,09:00:00,11:00:00
STU1794,DS201,CL_DS201_2,RM202,2023-10-23,09:00:00,11:00:00
STU1795,DS201,CL_DS201_2,RM202,2023-10-23,09:00:00,11:00:00
STU1796,BA101,CL_BA101_2,RM505,2023-10-23,09:00:00,11:00:00
STU1797,BA101,CL_BA101_2,RM505,2023-10-23,11:00:00,13:00:00
STU1798,BA101,CL_BA101_1,RM505,2023-10-23,11:00:00,13:00:00
STU1799,CS101,CL_CS101_2,RM101,2023-10-23,09:00:00,11:00:00
STU1800,BA101,CL_BA101_1,RM505,2023-10-23,11:00:00,13:00:00
STU1801,ME102,CL_ME102_2,RM404,2023-10-23,11:00:00,13:00:00
STU1802,CS101,CL_CS101_2,RM101,2023-10-23,11:00:00,13:00:00
STU1803,CS101,CL_CS101_1,RM101,2023-10-23,09:00:00,11:00:00
STU1804,ME102,CL_ME102_1,RM404,2023-10-23,11:00:00,13:00:00
STU1805,ME102,CL_ME102_2,RM404,2023-10-23,11:00:00,13:00:00
STU1806,DS201,CL_DS201_1,RM202,2023-10-23,09:00:00,11:00:00
STU1807,EE301,CL_EE301_1,RM303,2023-10-23,11:00:00,13:00:00
STU1808,DS201,CL_DS201_1,RM202,2023-10-23,11:00:00,13:00:00
STU1809,BA101,CL_BA101_1,RM505,2023-10-23,11:00:00,13:00:00
STU1810,CS101,CL_CS101_1,RM101,2023-10-23,11:00:00,13:00:00
STU1811,ME102,CL_ME102_1,RM404,2023-10-23,09:00:00,11:00:00
STU1812,DS201,CL_DS201_1,RM202,2023-10-23,11:00:00,13:00:00
STU1813,BA101,CL_BA101_1,RM505,2023-10-23,11:00:00,13:00:00
STU1814,CS101,CL_CS101_2,RM101,2023-10-23,09:00:00,11:00:00
STU1815,CS101,CL_CS101_1,RM101,2023-10-23,09:00:00,11:00:00
STU1816,EE301,CL_EE301_1,RM303,2023-10-23,09:00:00,11:00:00
STU1817,DS201,CL_DS201_2,RM202,2023-10-23,11:00:00,13:00:00
STU1818,DS201,CL_DS201_1,RM202,2023-10-23,09:00:00,11:00:00
STU1819,ME102,CL_ME102_2,RM404,2023-10-23,09:00:00,11:00:00
STU1820,BA101,CL_BA101_1,RM505,2023-10-23,09:00:00,11:00:00
STU1821,BA101,CL_BA101_2,RM505,2023-10-23,11:00:00,13:00:00
STU1822,EE301,CL_EE301_1,RM303,2023-10-23,09:00:00,11:00:00
STU1823,CS101,CL_CS101_2,RM101,2023-10-23,11:00:00,13:00:00
STU1824,BA101,CL_BA101_2,RM505,2023-10-23,09:00:00,11:00:00
STU1825,BA101,CL_BA101_2,RM505,2023-10-23,11:00:00,13:00:00
STU1826,CS101,CL_CS101_1,RM101,2023-10-23,09:00:00,11:00:00
STU1827,CS101,CL_CS101_1,RM101,2023-10-23,11:00:00,13:00:00
STU1828,ME102,CL_ME102_2,RM404,2023-10-23,11:00:00,13:00:00
STU1829,ME102,CL_ME102_1,RM404,2023-10-23,09:00:00,11:00:00
STU1830,DS201,CL_DS201_1,RM202,2023-10-23,11:00:00,13:00:00
STU1831,EE301,CL_EE301_1,RM303,2023-10-23,11:00:00,13:00:00
STU1832,CS101,CL_CS101_2,RM101,2023-10-23,09:00:00,11:00:00
STU1833,BA101,CL_BA101_1,RM505,2023-10-23,11:00:00,13:00:00
STU1834,BA101,CL_BA101_1,RM505,2023-10-23,11:00:00,13:00:00
STU1835,ME102,CL_ME102_2,RM404,2023-10-23,11:00:00,13:00:00
STU1836,CS101,CL_CS101_1,RM101,2023-10-23,11:00:00,13:00:00
STU1837,BA101,CL_BA101_1,RM505,2023-10-23,11:00:00,13:00:00
STU1838,CS101,CL_CS101_1,RM101,2023-10-23,11:00:00,13:00:00
STU1839,BA101,CL_BA101_1,RM505,2023-10-23,11:00:00,13:00:00
STU1840,EE301,CL_EE301_1,RM303,2023-10-23,11:00:00,13:00:00
STU1841,ME102,CL_ME102_1,RM404,2023-10-23,09:00:00,11:00:00
STU1842,ME102,CL_ME102_1,RM404,2023-10-23,11:00:00,13:00:00
STU1843,EE301,CL_EE301_2,RM303,2023-10-23,11:00:00,13:00:00
STU1844,CS101,CL_CS101_2,RM101,2023-10-23,11:00:00,13:00:00
STU1845,DS201,CL_DS201_1,RM202,2023-10-23,11:00:00,13:00:00
STU1846,BA101,CL_BA101_2,RM505,2023-10-23,11:00:00,13:00:00
STU1847,BA101,CL_BA101_2,RM505,2023-10-23,11:00:00,13:00:00
STU1848,BA101,CL_BA101_2,RM505,2023-10-23,09:00:00,11:00:00
STU1849,BA101,CL_BA101_1,RM505,2023-10-23,11:00:00,13:00:00
STU1850,EE301,CL_EE301_2,RM303,2023-10-23,11:00:00,13:00:00
STU1851,DS201,CL_DS201_2,RM202,2023-10-23,09:00:00,11:00:00
STU1852,CS101,CL_CS101_2,RM101,2023-10-23,09:00:00,11:00:00
STU1853,CS101,CL_CS101_1,RM101,2023-10-23,11:00:00,13:00:00
STU1854,DS201,CL_DS201_1,RM202,2023-10-23,11:00:00,13:00:00
STU1855,ME102,CL_ME102_1,RM404,2023-10-23,11:00:00,13:00:00
STU1856,CS101,CL_CS101_2,RM101,2023-10-23,09:00:00,11:00:00
STU1857,BA101,CL_BA101_1,RM505,2023-10-23,11:00:00,13:00:00
STU1858,BA101,CL_BA101_2,RM505,2023-10-23,09:00:00,11:00:00
STU1859,DS201,CL_DS201_2,RM202,2023-10-23,11:00:00,13:00:00
STU1860,ME102,CL_ME102_2,RM404,2023-10-23,09:00:00,11:00:00
STU1861,BA101,CL_BA101_2,RM505,2023-10-23,09:00:00,11:00:00
STU1862,CS101,CL_CS101_1,RM101,2023-10-23,09:00:00,11:00:00
STU1863,EE301,CL_EE301_1,RM303,2023-10-23,09:00:00,11:00:00
STU1864,CS101,CL_CS101_2,RM101,2023-10-23,09:00:00,11:00:00
STU1865,BA101,CL_BA101_1,RM505,2023-10-23,09:00:00,11:00:00
STU1866,ME102,CL_ME102_1,RM404,2023-10-23,09:00:00,11:00:00
STU1867,DS201,CL_DS201_2,RM202,2023-10-23,11:00:00,13:00:00
STU1868,CS101,CL_CS101_1,RM101,2023-10-23,11:00:00,13:00:00
STU1869,DS201,CL_DS201_2,RM202,2023-10-23,09:00:00,11:00:00
STU1870,EE301,CL_EE301_2,RM303,2023-10-23,09:00:00,11:00:00
STU1871,EE301,CL_EE301_1,RM303,2023-10-23,09:00:00,11:00:00
STU1872,EE301,CL_EE301_2,RM303,2023-10-23,11:00:00,13:00:00
STU1873,ME102,CL_ME102_2,RM404,2023-10-23,09:00:00,11:00:00
STU1874,CS101,CL_CS101_2,RM101,2023-10-23,09:00:00,11:00:00
STU1875,EE301,CL_EE301_1,RM303,2023-10-23,09:00:00,11:00:00
STU1876,EE301,CL_EE301_1,RM303,2023-10-23,11:00:00,13:00:00
STU1877,BA101,CL_BA101_2,RM505,2023-10-23,11:00:00,13:00:00
STU1878,CS101,CL_CS101_2,RM101,2023-10-23,11:00:00,13:00:00
STU1879,CS101,CL_CS101_2,RM101,2023-10-23,09:00:00,11:00:00
STU1880,BA101,CL_BA101_1,RM505,2023-10-23,09:00:00,11:00:00
STU1881,ME102,CL_ME102_1,RM404,2023-10-23,11:00:00,13:00:00
STU1882,CS101,CL_CS101_1,RM101,2023-10-23,11:00:00,13:00:00
STU1883,ME102,CL_ME102_2,RM404,2023-10-23,11:00:00,13:00:00
STU1884,BA101,CL_BA101_1,RM505,2023-10-23,09:00:00,11:00:00
STU1885,EE301,CL_EE301_2,RM303,2023-10-23,09:00:00,11:00:00
STU1886,ME102,CL_ME102_2,RM404,2023-10-23,11:00:00,13:00:00
STU1887,BA101,CL_BA101_2,RM505,2023-10-23,09:00:00,11:00:00
STU1888,BA101,CL_BA101_2,RM505,2023-10-23,11:00:00,13:00:00
STU1889,BA101,CL_BA101_2,RM505,2023-10-23,11:00:00,13:00:00
STU1890,CS101,CL_CS101_2,RM101,2023-10-23,11:00:00,13:00:00
STU1891,BA101,CL_BA101_2,RM505,2023-10-23,11:00:00,13:00:00
STU1892,CS101,CL_CS101_1,RM101,2023-10-23,09:00:00,11:00:00
STU1893,BA101,CL_BA101_1,RM505,2023-10-23,09:00:00,11:00:00
STU1894,CS101,CL_CS101_2,RM101,2023-10-23,11:00:00,13:00:00
STU1895,DS201,CL_DS201_1,RM202,2023-10-23,11:00:00,13:00:00
STU1896,EE301,CL_EE301_1,RM303,2023-10-23,09:00:00,11:00:00
STU1897,ME102,CL_ME102_2,RM404,2023-10-23,09:00:00,11:00:00
STU1898,CS101,CL_CS101_2,RM101,2023-10-23,09:00:00,11:00:00
STU1899,DS201,CL_DS201_2,RM202,2023-10-23,11:00:00,13:00:00
STU1900,DS201,CL_DS201_1,RM202,2023-10-23,11:00:00,13:00:00
STU1901,CS101,CL_CS101_2,RM101,2023-10-23,11:00:00,13:00:00
STU1902,EE301,CL_EE301_2,RM303,2023-10-23,09:00:00,11:00:00
STU1903,ME102,CL_ME102_1,RM404,2023-10-23,09:00:00,11:00:00
STU1904,CS101,CL_CS101_1,RM101,2023-10-23,11:00:00,13:00:00
STU1905,EE301,CL_EE301_1,RM303,2023-10-23,11:00:00,13:00:00
STU1906,CS101,CL_CS101_2,RM101,2023-10-23,11:00:00,13:00:00
STU1907,ME102,CL_ME102_2,RM404,2023-10-23,11:00:00,13:00:00
STU1908,ME102,CL_ME102_2,RM404,2023-10-23,11:00:00,13:00:00
STU1909,CS101,CL_CS101_2,RM101,2023-10-23,11:00:00,13:00:00
STU1910,EE301,CL_EE301_1,RM303,2023-10-23,09:00:00,11:00:00
STU1911,EE301,CL_EE301_2,RM303,2023-10-23,11:00:00,13:00:00
STU1912,EE301,CL_EE301_2,RM303,2023-10-23,11:00:00,13:00:00
STU1913,EE301,CL_EE301_2,RM303,2023-10-23,09:00:00,11:00:00
STU1914,EE301,CL_EE301_1,RM303,2023-10-23,11:00:00,13:00:00
STU1915,DS201,CL_DS201_2,RM202,2023-10-23,09:00:00,11:00:00
STU1916,DS201,CL_DS201_2,RM202,2023-10-23,09:00:00,11:00:00
STU1917,EE301,CL_EE301_2,RM303,2023-10-23,11:00:00,13:00:00
STU1918,DS201,CL_DS201_2,RM202,2023-10-23,09:00:00,11:00:00
STU1919,EE301,CL_EE301_1,RM303,2023-10-23,11:00:00,13:00:00
STU1920,CS101,CL_CS101_2,RM101,2023-10-23,11:00:00,13:00:00
STU1921,BA101,CL_BA101_1,RM505,2023-10-23,11:00:00,13:00:00
STU1922,CS101,CL_CS101_2,RM101,2023-10-23,09:00:00,11:00:00
STU1923,DS201,CL_DS201_1,RM202,2023-10-23,09:00:00,11:00:00
STU1924,DS201,CL_DS201_2,RM202,2023-10-23,09:00:00,11:00:00
STU1925,DS201,CL_DS201_2,RM202,2023-10-23,11:00:00,13:00:00
STU1926,ME102,CL_ME102_2,RM404,2023-10-23,11:00:00,13:00:00
STU1927,ME102,CL_ME102_2,RM404,2023-10-23,09:00:00,11:00:00
STU1928,BA101,CL_BA101_2,RM505,2023-10-23,09:00:00,11:00:00
STU1929,CS101,CL_CS101_1,RM101,2023-10-23,09:00:00,11:00:00
STU1930,DS201,CL_DS201_1,RM202,2023-10-23,11:00:00,13:00:00
STU1931,CS101,CL_CS101_2,RM101,2023-10-23,11:00:00,13:00:00
STU1932,BA101,CL_BA101_1,RM505,2023-10-23,11:00:00,13:00:00
STU1933,CS101,CL_CS101_1,RM101,2023-10-23,09:00:00,11:00:00
STU1934,ME102,CL_ME102_2,RM404,2023-10-23,11:00:00,13:00:00
STU1935,ME102,CL_ME102_1,RM404,2023-10-23,09:00:00,11:00:00
STU1936,CS101,CL_CS101_2,RM101,2023-10-23,09:00:00,11:00:00
STU1937,ME102,CL_ME102_2,RM404,2023-10-23,09:00:00,11:00:00
STU1938,ME102,CL_ME102_2,RM404,2023-10-23,09:00:00,11:00:00
STU1939,EE301,CL_EE301_2,RM303,2023-10-23,09:00:00,11:00:00
STU1940,CS101,CL_CS101_1,RM101,2023-10-23,09:00:00,11:00:00
STU1941,DS201,CL_DS201_1,RM202,2023-10-23,09:00:00,11:00:00
STU1942,BA101,CL_BA101_1,RM505,2023-10-23,11:00:00,13:00:00
STU1943,ME102,CL_ME102_1,RM404,2023-10-23,11:00:00,13:00:00
STU1944,ME102,CL_ME102_2,RM404,2023-10-23,11:00:00,13:00:00
STU1945,BA101,CL_BA101_2,RM505,2023-10-23,09:00:00,11:00:00
STU1946,BA101,CL_BA101_1,RM505,2023-10-23,11:00:00,13:00:00
STU1947,EE301,CL_EE301_1,RM303,2023-10-23,11:00:00,13:00:00
STU1948,EE301,CL_EE301_1,RM303,2023-10-23,09:00:00,11:00:00
STU1949,BA101,CL_BA101_2,RM505,2023-10-23,09:00:00,11:00:00
STU1950,EE301,CL_EE301_2,RM303,2023-10-23,11:00:00,13:00:00
STU1951,CS101,CL_CS101_2,RM101,2023-10-23,09:00:00,11:00:00
STU1952,EE301,CL_EE301_2,RM303,2023-10-23,11:00:00,13:00:00
STU1953,EE301,CL_EE301_2,RM303,2023-10-23,11:00:00,13:00:00
STU1954,DS201,CL_DS201_1,RM202,2023-10-23,09:00:00,11:00:00
STU1955,CS101,CL_CS101_1,RM101,2023-10-23,09:00:00,11:00:00
STU1956,DS201,CL_DS201_2,RM202,2023-10-23,11:00:00,13:00:00
STU1957,BA101,CL_BA101_1,RM505,2023-10-23,11:00:00,13:00:00
STU1958,ME102,CL_ME102_2,RM404,2023-10-23,11:00:00,13:00:00
STU1959,DS201,CL_DS201_2,RM202,2023-10-23,09:00:00,11:00:00
STU1960,DS201,CL_DS201_1,RM202,2023-10-23,11:00:00,13:00:00
STU1961,CS101,CL_CS101_2,RM101,2023-10-23,09:00:00,11:00:00
STU1962,DS201,CL_DS201_2,RM202,2023-10-23,09:00:00,11:00:00
STU1963,EE301,CL_EE301_1,RM303,2023-10-23,09:00:00,11:00:00
STU1964,CS101,CL_CS101_1,RM101,2023-10-23,11:00:00,13:00:00
STU1965,CS101,CL_CS101_2,RM101,2023-10-23,11:00:00,13:00:00
STU1966,DS201,CL_DS201_2,RM202,2023-10-23,09:00:00,11:00:00
STU1967,BA101,CL_BA101_2,RM505,2023-10-23,09:00:00,11:00:00
STU1968,BA101,CL_BA101_2,RM505,2023-10-23,09:00:00,11:00:00
STU1969,BA101,CL_BA101_2,RM505,2023-10-23,09:00:00,11:00:00
STU1970,DS201,CL_DS201_1,RM202,2023-10-23,11:00:00,13:00:00
STU1971,CS101,CL_CS101_1,RM101,2023-10-23,09:00:00,11:00:00
STU1972,ME102,CL_ME102_2,RM404,2023-10-23,11:00:00,13:00:00
STU1973,BA101,CL_BA101_1,RM505,2023-10-23,11:00:00,13:00:00
STU1974,ME102,CL_ME102_1,RM404,2023-10-23,11:00:00,13:00:00
STU1975,EE301,CL_EE301_2,RM303,2023-10-23,11:00:00,13:00:00
STU1976,EE301,CL_EE301_2,RM303,2023-10-23,11:00:00,13:00:00
STU1977,ME102,CL_ME102_1,RM404,2023-10-23,09:00:00,11:00:00
STU1978,BA101,CL_BA101_1,RM505,2023-10-23,11:00:00,13:00:00
STU1979,ME102,CL_ME102_2,RM404,2023-10-23,09:00:00,11:00:00
STU1980,BA101,CL_BA101_1,RM505,2023-10-23,09:00:00,11:00:00
STU1981,EE301,CL_EE301_1,RM303,2023-10-23,09:00:00,11:00:00
STU1982,DS201,CL_DS201_2,RM202,2023-10-23,11:00:00,13:00:00
STU1983,BA101,CL_BA101_2,RM505,2023-10-23,11:00:00,13:00:00
STU1984,BA101,CL_BA101_1,RM505,2023-10-23,09:00:00,11:00:00
STU1985,EE301,CL_EE301_2,RM303,2023-10-23,11:00:00,13:00:00
STU1986,BA101,CL_BA101_2,RM505,2023-10-23,09:00:00,11:00:00
STU1987,CS101,CL_CS101_2,RM101,2023-10-23,11:00:00,13:00:00
STU1988,DS201,CL_DS201_2,RM202,2023-10-23,11:00:00,13:00:00
STU1989,DS201,CL_DS201_1,RM202,2023-10-23,09:00:00,11:00:00
STU1990,BA101,CL_BA101_2,RM505,2023-10-23,11:00:00,13:00:00
STU1991,DS201,CL_DS201_1,RM202,2023-10-23,11:00:00,13:00:00
STU1992,DS201,CL_DS201_2,RM202,2023-10-23,09:00:00,11:00:00
STU1993,DS201,CL_DS201_1,RM202,2023-10-23,09:00:00,11:00:00
STU1994,BA101,CL_BA101_1,RM505,2023-10-23,09:00:00,11:00:00
STU1995,CS101,CL_CS101_1,RM101,2023-10-23,11:00:00,13:00:00
STU1996,ME102,CL_ME102_1,RM404,2023-10-23,09:00:00,11:00:00
STU1997,DS201,CL_DS201_1,RM202,2023-10-23,09:00:00,11:00:00
STU1998,DS201,CL_DS201_1,RM202,2023-10-23,09:00:00,11:00:00
STU1999,CS101,CL_CS101_1,RM101,2023-10-23,09:00:00,11:00:00
STU2000,DS201,CL_DS201_1,RM202,2023-10-23,09:00:00,11:00:00
STU2001,CS101,CL_CS101_1,RM101,2023-10-23,09:00:00,11:00:00
STU2002,BA101,CL_BA101_2,RM505,2023-10-23,11:00:00,13:00:00
STU2003,ME102,CL_ME102_1,RM404,2023-10-23,11:00:00,13:00:00
STU2004,CS101,CL_CS101_2,RM101,2023-10-23,09:00:00,11:00:00
STU2005,ME102,CL_ME102_1,RM404,2023-10-23,09:00:00,11:00:00
STU2006,BA101,CL_BA101_2,RM505,2023-10-23,09:00:00,11:00:00
STU2007,DS201,CL_DS201_2,RM202,2023-10-23,11:00:00,13:00:00
STU2008,CS101,CL_CS101_1,RM101,2023-10-23,11:00:00,13:00:00
STU2009,DS201,CL_DS201_2,RM202,2023-10-23,11:00:00,13:00:00
STU2010,DS201,CL_DS201_1,RM202,2023-10-23,09:00:00,11:00:00
STU2011,ME102,CL_ME102_2,RM404,2023-10-23,11:00:00,13:00:00
STU2012,BA101,CL_BA101_1,RM505,2023-10-23,09:00:00,11:00:00
STU2013,EE301,CL_EE301_2,RM303,2023-10-23,11:00:00,13:00:00
STU2014,BA101,CL_BA101_1,RM505,2023-10-23,11:00:00,13:00:00
STU2015,CS101,CL_CS101_1,RM101,2023-10-23,09:00:00,11:00:00
STU2016,CS101,CL_CS101_2,RM101,2023-10-23,11:00:00,13:00:00
STU2017,DS201,CL_DS201_2,RM202,2023-10-23,09:00:00,11:00:00
STU2018,EE301,CL_EE301_2,RM303,2023-10-23,11:00:00,13:00:00
STU2019,ME102,CL_ME102_2,RM404,2023-10-23,09:00:00,11:00:00
STU2020,CS101,CL_CS101_2,RM101,2023-10-23,09:00:00,11:00:00
STU2021,ME102,CL_ME102_2,RM404,2023-10-23,11:00:00,13:00:00
STU2022,EE301,CL_EE301_1,RM303,2023-10-23,09:00:00,11:00:00
STU2023,CS101,CL_CS101_2,RM101,2023-10-23,11:00:00,13:00:00
STU2024,EE301,CL_EE301_1,RM303,2023-10-23,09:00:00,11:00:00
STU2025,DS201,CL_DS201_1,RM202,2023-10-23,11:00:00,13:00:00
STU2026,ME102,CL_ME102_1,RM404,2023-10-23,11:00:00,13:00:00
STU2027,ME102,CL_ME102_2,RM404,2023-10-23,11:00:00,13:00:00
STU2028,CS101,CL_CS101_2,RM101,2023-10-23,09:00:00,11:00:00
STU2029,BA101,CL_BA101_2,RM505,2023-10-23,09:00:00,11:00:00
STU2030,ME102,CL_ME102_2,RM404,2023-10-23,09:00:00,11:00:00
STU2031,BA101,CL_BA101_2,RM505,2023-10-23,09:00:00,11:00:00
STU2032,BA101,CL_BA101_1,RM505,2023-10-23,11:00:00,13:00:00
STU2033,ME102,CL_ME102_1,RM404,2023-10-23,11:00:00,13:00:00
STU2034,BA101,CL_BA101_2,RM505,2023-10-23,09:00:00,11:00:00
STU2035,BA101,CL_BA101_2,RM505,2023-10-23,09:00:00,11:00:00
STU2036,BA101,CL_BA101_1,RM505,2023-10-23,11:00:00,13:00:00
STU2037,EE301,CL_EE301_2,RM303,2023-10-23,09:00:00,11:00:00
STU2038,BA101,CL_BA101_1,RM505,2023-10-23,11:00:00,13:00:00
STU2039,EE301,CL_EE301_1,RM303,2023-10-23,11:00:00,13:00:00
STU2040,BA101,CL_BA101_2,RM505,2023-10-23,11:00:00,13:00:00
STU2041,CS101,CL_CS101_1,RM101,2023-10-23,09:00:00,11:00:00
STU2042,CS101,CL_CS101_1,RM101,2023-10-23,09:00:00,11:00:00
STU2043,ME102,CL_ME102_2,RM404,2023-10-23,11:00:00,13:00:00
STU2044,BA101,CL_BA101_2,RM505,2023-10-23,09:00:00,11:00:00
STU2045,CS101,CL_CS101_1,RM101,2023-10-23,11:00:00,13:00:00
STU2046,BA101,CL_BA101_2,RM505,2023-10-23,09:00:00,11:00:00
STU2047,DS201,CL_DS201_2,RM202,2023-10-23,09:00:00,11:00:00
STU2048,EE301,CL_EE301_2,RM303,2023-10-23,11:00:00,13:00:00
STU2049,CS101,CL_CS101_2,RM101,2023-10-23,11:00:00,13:00:00
STU2050,ME102,CL_ME102_1,RM404,2023-10-23,11:00:00,13:00:00
STU2051,DS201,CL_DS201_2,RM202,2023-10-23,11:00:00,13:00:00
STU2052,ME102,CL_ME102_1,RM404,2023-10-23,09:00:00,11:00:00
STU2053,CS101,CL_CS101_2,RM101,2023-10-23,09:00:00,11:00:00
STU2054,CS101,CL_CS101_1,RM101,2023-10-23,11:00:00,13:00:00
STU2055,ME102,CL_ME102_1,RM404,2023-10-23,11:00:00,13:00:00
STU2056,DS201,CL_DS201_2,RM202,2023-10-23,09:00:00,11:00:00
STU2057,EE301,CL_EE301_2,RM303,2023-10-23,09:00:00,11:00:00
STU2058,CS101,CL_CS101_2,RM101,2023-10-23,11:00:00,13:00:00
STU2059,EE301,CL_EE301_1,RM303,2023-10-23,09:00:00,11:00:00
STU2060,BA101,CL_BA101_2,RM505,2023-10-23,11:00:00,13:00:00
STU2061,EE301,CL_EE301_1,RM303,2023-10-23,11:00:00,13:00:00
STU2062,EE301,CL_EE301_1,RM303,2023-10-23,11:00:00,13:00:00
STU2063,CS101,CL_CS101_1,RM101,2023-10-23,09:00:00,11:00:00
STU2064,EE301,CL_EE301_1,RM303,2023-10-23,11:00:00,13:00:00
STU2065,BA101,CL_BA101_1,RM505,2023-10-23,09:00:00,11:00:00
STU2066,CS101,CL_CS101_1,RM101,2023-10-23,11:00:00,13:00:00
STU2067,EE301,CL_EE301_2,RM303,2023-10-23,11:00:00,13:00:00
STU2068,CS101,CL_CS101_1,RM101,2023-10-23,11:00:00,13:00:00
STU2069,DS201,CL_DS201_2,RM202,2023-10-23,09:00:00,11:00:00
STU2070,ME102,CL_ME102_1,RM404,2023-10-23,09:00:00,11:00:00
STU2071,BA101,CL_BA101_2,RM505,2023-10-23,11:00:00,13:00:00
STU2072,CS101,CL_CS101_1,RM101,2023-10-23,09:00:00,11:00:00
STU2073,ME102,CL_ME102_1,RM404,2023-10-23,09:00:00,11:00:00
STU2074,EE301,CL_EE301_1,RM303,2023-10-23,11:00:00,13:00:00
STU2075,CS101,CL_CS101_2,RM101,2023-10-23,09:00:00,11:00:00
STU2076,CS101,CL_CS101_2,RM101,2023-10-23,11:00:00,13:00:00
STU2077,CS101,CL_CS101_1,RM101,2023-10-23,11:00:00,13:00:00
STU2078,CS101,CL_CS101_1,RM101,2023-10-23,11:00:00,13:00:00
STU2079,CS101,CL_CS101_2,RM101,2023-10-23,09:00:00,11:00:00
STU2080,CS101,CL_CS101_2,RM101,2023-10-23,09:00:00,11:00:00
STU2081,CS101,CL_CS101_2,RM101,2023-10-23,09:00:00,11:00:00
STU2082,DS201,CL_DS201_1,RM202,2023-10-23,11:00:00,13:00:00
STU2083,CS101,CL_CS101_1,RM101,2023-10-23,11:00:00,13:00:00
STU2084,ME102,CL_ME102_1,RM404,2023-10-23,09:00:00,11:00:00
STU2085,DS201,CL_DS201_1,RM202,2023-10-23,09:00:00,11:00:00
STU2086,ME102,CL_ME102_2,RM404,2023-10-23,09:00:00,11:00:00
STU2087,BA101,CL_BA101_1,RM505,2023-10-23,11:00:00,13:00:00
STU2088,CS101,CL_CS101_2,RM101,2023-10-23,11:00:00,13:00:00
STU2089,CS101,CL_CS101_2,RM101,2023-10-23,11:00:00,13:00:00
STU2090,EE301,CL_EE301_1,RM303,2023-10-23,09:00:00,11:00:00
STU2091,BA101,CL_BA101_2,RM505,2023-10-23,11:00:00,13:00:00
STU2092,BA101,CL_BA101_2,RM505,2023-10-23,09:00:00,11:00:00
STU2093,EE301,CL_EE301_2,RM303,2023-10-23,09:00:00,11:00:00
STU2094,EE301,CL_EE301_1,RM303,2023-10-23,11:00:00,13:00:00
STU2095,ME102,CL_ME102_1,RM404,2023-10-23,09:00:00,11:00:00
STU2096,ME102,CL_ME102_2,RM404,2023-10-23,09:00:00,11:00:00
STU2097,BA101,CL_BA101_1,RM505,2023-10-23,09:00:00,11:00:00
STU2098,CS101,CL_CS101_2,RM101,2023-10-23,09:00:00,11:00:00
STU2099,EE301,CL_EE301_1,RM303,2023-10-23,09:00:00,11:00:00
STU2100,EE301,CL_EE301_1,RM303,2023-10-23,11:00:00,13:00:00
STU2101,DS201,CL_DS201_2,RM202,2023-10-23,09:00:00,11:00:00
STU2102,EE301,CL_EE301_2,RM303,2023-10-23,09:00:00,11:00:00
STU2103,ME102,CL_ME102_1,RM404,2023-10-23,11:00:00,13:00:00
STU2104,EE301,CL_EE301_2,RM303,2023-10-23,09:00:00,11:00:00
STU2105,BA101,CL_BA101_2,RM505,2023-10-23,09:00:00,11:00:00
STU2106,EE301,CL_EE301_1,RM303,2023-10-23,11:00:00,13:00:00
STU2107,ME102,CL_ME102_1,RM404,2023-10-23,11:00:00,13:00:00
STU2108,BA101,CL_BA101_2,RM505,2023-10-23,09:00:00,11:00:00
STU2109,EE301,CL_EE301_2,RM303,2023-10-23,09:00:00,11:00:00
STU2110,DS201,CL_DS201_1,RM202,2023-10-23,11:00:00,13:00:00
STU2111,ME102,CL_ME102_2,RM404,2023-10-23,11:00:00,13:00:00
STU2112,DS201,CL_DS201_2,RM202,2023-10-23,09:00:00,11:00:00
STU2113,EE301,CL_EE301_2,RM303,2023-10-23,09:00:00,11:00:00
STU2114,ME102,CL_ME102_1,RM404,2023-10-23,11:00:00,13:00:00
STU2115,ME102,CL_ME102_2,RM404,2023-10-23,11:00:00,13:00:00
STU2116,BA101,CL_BA101_2,RM505,2023-10-23,11:00:00,13:00:00
STU2117,CS101,CL_CS101_2,RM101,2023-10-23,11:00:00,13:00:00
STU2118,DS201,CL_DS201_1,RM202,2023-10-23,09:00:00,11:00:00
STU2119,CS101,CL_CS101_2,RM101,2023-10-23,09:00:00,11:00:00
STU2120,EE301,CL_EE301_1,RM303,2023-10-23,09:00:00,11:00:00
STU2121,ME102,CL_ME102_1,RM404,2023-10-23,11:00:00,13:00:00
STU2122,BA101,CL_BA101_1,RM505,2023-10-23,09:00:00,11:00:00
STU2123,CS101,CL_CS101_1,RM101,2023-10-23,09:00:00,11:00:00
STU2124,ME102,CL_ME102_1,RM404,2023-10-23,11:00:00,13:00:00
STU2125,BA101,CL_BA101_1,RM505,2023-10-23,09:00:00,11:00:00
STU2126,EE301,CL_EE301_2,RM303,2023-10-23,11:00:00,13:00:00
STU2127,ME102,CL_ME102_1,RM404,2023-10-23,09:00:00,11:00:00
STU2128,DS201,CL_DS201_2,RM202,2023-10-23,09:00:00,11:00:00
STU2129,BA101,CL_BA101_1,RM505,2023-10-23,11:00:00,13:00:00
STU2130,EE301,CL_EE301_1,RM303,2023-10-23,11:00:00,13:00:00
STU2131,DS201,CL_DS201_1,RM202,2023-10-23,09:00:00,11:00:00
STU2132,DS201,CL_DS201_2,RM202,2023-10-23,09:00:00,11:00:00
STU2133,EE301,CL_EE301_1,RM303,2023-10-23,11:00:00,13:00:00
STU2134,CS101,CL_CS101_2,RM101,2023-10-23,09:00:00,11:00:00
STU2135,CS101,CL_CS101_2,RM101,2023-10-23,09:00:00,11:00:00
STU2136,CS101,CL_CS101_1,RM101,2023-10-23,11:00:00,13:00:00
STU2137,DS201,CL_DS201_2,RM202,2023-10-23,11:00:00,13:00:00
STU2138,ME102,CL_ME102_1,RM404,2023-10-23,11:00:00,13:00:00
STU2139,ME102,CL_ME102_1,RM404,2023-10-23,11:00:00,13:00:00
STU2140,ME102,CL_ME102_2,RM404,2023-10-23,09:00:00,11:00:00
STU2141,DS201,CL_DS201_2,RM202,2023-10-23,09:00:00,11:00:00
STU2142,BA101,CL_BA101_2,RM505,2023-10-23,09:00:00,11:00:00
STU2143,BA101,CL_BA101_1,RM505,2023-10-23,11:00:00,13:00:00
STU2144,DS201,CL_DS201_1,RM202,2023-10-23,09:00:00,11:00:00
STU2145,CS101,CL_CS101_2,RM101,2023-10-23,11:00:00,13:00:00
STU2146,BA101,CL_BA101_2,RM505,2023-10-23,09:00:00,11:00:00
STU2147,CS101,CL_CS101_1,RM101,2023-10-23,09:00:00,11:00:00
STU2148,CS101,CL_CS101_2,RM101,2023-10-23,11:00:00,13:00:00
STU2149,DS201,CL_DS201_1,RM202,2023-10-23,09:00:00,11:00:00
STU2150,ME102,CL_ME102_2,RM404,2023-10-23,09:00:00,11:00:00
STU2151,CS101,CL_CS101_2,RM101,2023-10-23,09:00:00,11:00:00
STU2152,BA101,CL_BA101_1,RM505,2023-10-23,09:00:00,11:00:00
STU2153,EE301,CL_EE301_2,RM303,2023-10-23,09:00:00,11:00:00
STU2154,EE301,CL_EE301_2,RM303,2023-10-23,09:00:00,11:00:00
STU2155,BA101,CL_BA101_1,RM505,2023-10-23,11:00:00,13:00:00
STU2156,CS101,CL_CS101_2,RM101,2023-10-23,11:00:00,13:00:00
STU2157,CS101,CL_CS101_1,RM101,2023-10-23,09:00:00,11:00:00
STU2158,ME102,CL_ME102_1,RM404,2023-10-23,11:00:00,13:00:00
STU2159,CS101,CL_CS101_2,RM101,2023-10-23,11:00:00,13:00:00
STU2160,BA101,CL_BA101_1,RM505,2023-10-23,09:00:00,11:00:00
STU2161,BA101,CL_BA101_2,RM505,2023-10-23,11:00:00,13:00:00
STU2162,ME102,CL_ME102_1,RM404,2023-10-23,11:00:00,13:00:00
STU2163,DS201,CL_DS201_2,RM202,2023-10-23,11:00:00,13:00:00
STU2164,DS201,CL_DS201_1,RM202,2023-10-23,09:00:00,11:00:00
STU2165,BA101,CL_BA101_2,RM505,2023-10-23,11:00:00,13:00:00
STU2166,BA101,CL_BA101_1,RM505,2023-10-23,11:00:00,13:00:00
STU2167,CS101,CL_CS101_2,RM101,2023-10-23,09:00:00,11:00:00
STU2168,ME102,CL_ME102_2,RM404,2023-10-23,11:00:00,13:00:00
STU2169,DS201,CL_DS201_2,RM202,2023-10-23,11:00:00,13:00:00
STU2170,CS101,CL_CS101_1,RM101,2023-10-23,09:00:00,11:00:00
STU2171,EE301,CL_EE301_1,RM303,2023-10-23,09:00:00,11:00:00
STU2172,ME102,CL_ME102_2,RM404,2023-10-23,09:00:00,11:00:00
STU2173,EE301,CL_EE301_1,RM303,2023-10-23,11:00:00,13:00:00
STU2174,ME102,CL_ME102_2,RM404,2023-10-23,09:00:00,11:00:00
STU2175,CS101,CL_CS101_2,RM101,2023-10-23,11:00:00,13:00:00
STU2176,DS201,CL_DS201_1,RM202,2023-10-23,09:00:00,11:00:00
STU2177,BA101,CL_BA101_1,RM505,2023-10-23,09:00:00,11:00:00
STU2178,DS201,CL_DS201_2,RM202,2023-10-23,11:00:00,13:00:00
STU2179,CS101,CL_CS101_1,RM101,2023-10-23,09:00:00,11:00:00
STU2180,CS101,CL_CS101_2,RM101,2023-10-23,09:00:00,11:00:00
STU2181,CS101,CL_CS101_1,RM101,2023-10-23,11:00:00,13:00:00
STU2182,CS101,CL_CS101_2,RM101,2023-10-23,11:00:00,13:00:00
STU2183,DS201,CL_DS201_1,RM202,2023-10-23,09:00:00,11:00:00
STU2184,CS101,CL_CS101_2,RM101,2023-10-23,09:00:00,11:00:00
STU2185,ME102,CL_ME102_1,RM404,2023-10-23,11:00:00,13:00:00
STU2186,DS201,CL_DS201_2,RM202,2023-10-23,09:00:00,11:00:00
STU2187,EE301,CL_EE301_2,RM303,2023-10-23,11:00:00,13:00:00
STU2188,BA101,CL_BA101_2,RM505,2023-10-23,11:00:00,13:00:00
STU2189,BA101,CL_BA101_1,RM505,2023-10-23,09:00:00,11:00:00
STU2190,DS201,CL_DS201_2,RM202,2023-10-23,11:00:00,13:00:00
STU2191,DS201,CL_DS201_1,RM202,2023-10-23,11:00:00,13:00:00
STU2192,DS201,CL_DS201_2,RM202,2023-10-23,09:00:00,11:00:00
STU2193,DS201,CL_DS201_1,RM202,2023-10-23,09:00:00,11:00:00
STU2194,ME102,CL_ME102_2,RM404,2023-10-23,11:00:00,13:00:00
STU2195,BA101,CL_BA101_1,RM505,2023-10-23,09:00:00,11:00:00
STU2196,EE301,CL_EE301_2,RM303,2023-10-23,11:00:00,13:00:00
STU2197,CS101,CL_CS101_1,RM101,2023-10-23,09:00:00,11:00:00
STU2198,ME102,CL_ME102_1,RM404,2023-10-23,09:00:00,11:00:00
STU2199,EE301,CL_EE301_1,RM303,2023-10-23,09:00:00,11:00:00
STU2200,BA101,CL_BA101_1,RM505,2023-10-23,09:00:00,11:00:00
