entry_id,student_id,gate_id,entry_timestamp,credential_type,credential_verified,gate_status
GTE_10000,STU1001,GATE_NORTH,2023-10-23 09:28:00,RFID_CARD,1,PRESENT
GTE_10001,STU1002,GATE_SOUTH,2023-10-23 08:57:00,RFID_CARD,1,PRESENT
GTE_10002,STU1003,GATE_NORTH,2023-10-23 09:25:00,RFID_CARD,1,PRESENT
GTE_10003,STU1004,GATE_SOUTH,2023-10-23 07:52:00,RFID_CARD,1,PRESENT
GTE_10004,STU1005,GATE_NORTH,2023-10-23 07:32:00,RFID_CARD,1,PRESENT
GTE_10005,STU1006,GATE_NORTH,2023-10-23 08:45:00,RFID_CARD,1,PRESENT
GTE_10006,STU1007,GATE_SOUTH,2023-10-23 09:06:00,RFID_CARD,1,PRESENT
GTE_10007,STU1008,GATE_NORTH,2023-10-23 09:28:00,RFID_CARD,1,PRESENT
GTE_10008,STU1009,GATE_NORTH,2023-10-23 08:08:00,RFID_CARD,1,PRESENT
GTE_10009,STU1010,GATE_NORTH,2023-10-23 08:42:00,RFID_CARD,1,PRESENT
GTE_10010,STU1011,GATE_SOUTH,2023-10-23 08:42:00,RFID_CARD,1,PRESENT
GTE_10011,STU1012,GATE_SOUTH,2023-10-23 08:56:00,RFID_CARD,1,PRESENT
GTE_10012,STU1013,GATE_NORTH,2023-10-23 08:19:00,RFID_CARD,1,PRESENT
GTE_10013,STU1014,GATE_NORTH,2023-10-23 09:11:00,RFID_CARD,1,PRESENT
GTE_10014,STU1015,GATE_SOUTH,2023-10-23 08:34:00,RFID_CARD,1,PRESENT
GTE_10015,STU1016,GATE_NORTH,2023-10-23 07:36:00,RFID_CARD,1,PRESENT
GTE_10016,STU1017,GATE_NORTH,2023-10-23 08:25:00,RFID_CARD,1,PRESENT
GTE_10018,STU1019,GATE_NORTH,2023-10-23 09:17:00,RFID_CARD,1,PRESENT
GTE_10019,STU1020,GATE_SOUTH,2023-10-23 08:13:00,RFID_CARD,1,PRESENT
GTE_10020,STU1021,GATE_SOUTH,2023-10-23 09:09:00,RFID_CARD,1,PRESENT
GTE_10021,STU1022,GATE_SOUTH,2023-10-23 07:33:00,RFID_CARD,1,PRESENT
GTE_10023,STU1024,GATE_SOUTH,2023-10-23 09:10:00,RFID_CARD,1,PRESENT
GTE_10024,STU1025,GATE_NORTH,2023-10-23 08:32:00,RFID_CARD,1,PRESENT
GTE_10025,STU1026,GATE_SOUTH,2023-10-23 08:15:00,RFID_CARD,1,PRESENT
GTE_10027,STU1028,GATE_NORTH,2023-10-23 08:25:00,RFID_CARD,1,PRESENT
GTE_10029,STU1030,GATE_SOUTH,2023-10-23 08:57:00,RFID_CARD,1,PRESENT
GTE_10030,STU1031,GATE_SOUTH,2023-10-23 07:40:00,RFID_CARD,1,PRESENT
GTE_10031,STU1032,GATE_NORTH,2023-10-23 09:12:00,RFID_CARD,1,PRESENT
GTE_10032,STU1033,GATE_NORTH,2023-10-23 09:01:00,RFID_CARD,1,PRESENT
GTE_10033,STU1034,GATE_SOUTH,2023-10-23 07:40:00,RFID_CARD,1,PRESENT
GTE_10034,STU1035,GATE_SOUTH,2023-10-23 07:49:00,RFID_CARD,1,PRESENT
GTE_10035,STU1036,GATE_NORTH,2023-10-23 09:01:00,RFID_CARD,1,PRESENT
GTE_10036,STU1037,GATE_SOUTH,2023-10-23 09:04:00,RFID_CARD,0,DENIED
GTE_10037,STU1038,GATE_SOUTH,2023-10-23 08:10:00,RFID_CARD,1,PRESENT
GTE_10038,STU1039,GATE_NORTH,2023-10-23 07:43:00,RFID_CARD,1,PRESENT
GTE_10039,STU1040,GATE_SOUTH,2023-10-23 07:30:00,RFID_CARD,1,PRESENT
GTE_10040,STU1041,GATE_SOUTH,2023-10-23 08:26:00,RFID_CARD,1,PRESENT
GTE_10041,STU1042,GATE_SOUTH,2023-10-23 09:07:00,RFID_CARD,1,PRESENT
GTE_10043,STU1044,GATE_NORTH,2023-10-23 07:43:00,RFID_CARD,1,PRESENT
GTE_10044,STU1045,GATE_NORTH,2023-10-23 07:41:00,RFID_CARD,1,PRESENT
GTE_10045,STU1046,GATE_SOUTH,2023-10-23 08:25:00,RFID_CARD,1,PRESENT
GTE_10046,STU1047,GATE_SOUTH,2023-10-23 08:41:00,RFID_CARD,1,PRESENT
GTE_10047,STU1048,GATE_NORTH,2023-10-23 07:43:00,RFID_CARD,1,PRESENT
GTE_10048,STU1049,GATE_SOUTH,2023-10-23 07:41:00,RFID_CARD,1,PRESENT
GTE_10049,STU1050,GATE_NORTH,2023-10-23 08:40:00,RFID_CARD,1,PRESENT
GTE_10050,STU1051,GATE_SOUTH,2023-10-23 08:46:00,RFID_CARD,1,PRESENT
GTE_10051,STU1052,GATE_SOUTH,2023-10-23 09:20:00,RFID_CARD,1,PRESENT
GTE_10052,STU1053,GATE_SOUTH,2023-10-23 07:31:00,RFID_CARD,1,PRESENT
GTE_10053,STU1054,GATE_SOUTH,2023-10-23 08:22:00,RFID_CARD,1,PRESENT
GTE_10054,STU1055,GATE_NORTH,2023-10-23 09:09:00,RFID_CARD,1,PRESENT
GTE_10055,STU1056,GATE_NORTH,2023-10-23 09:02:00,RFID_CARD,1,PRESENT
GTE_10056,STU1057,GATE_NORTH,2023-10-23 08:43:00,RFID_CARD,1,PRESENT
GTE_10057,STU1058,GATE_SOUTH,2023-10-23 08:57:00,RFID_CARD,1,PRESENT
GTE_10058,STU1059,GATE_NORTH,2023-10-23 07:51:00,RFID_CARD,1,PRESENT
GTE_10059,STU1060,GATE_SOUTH,2023-10-23 08:04:00,RFID_CARD,1,PRESENT
GTE_10061,STU1062,GATE_SOUTH,2023-10-23 08:04:00,RFID_CARD,1,PRESENT
GTE_10063,STU1064,GATE_NORTH,2023-10-23 07:48:00,RFID_CARD,1,PRESENT
GTE_10065,STU1066,GATE_SOUTH,2023-10-23 07:51:00,RFID_CARD,1,PRESENT
GTE_10066,STU1067,GATE_SOUTH,2023-10-23 08:05:00,RFID_CARD,1,PRESENT
GTE_10067,STU1068,GATE_SOUTH,2023-10-23 08:08:00,RFID_CARD,1,PRESENT
GTE_10068,STU1069,GATE_NORTH,2023-10-23 09:10:00,RFID_CARD,1,PRESENT
GTE_10069,STU1070,GATE_SOUTH,2023-10-23 08:16:00,RFID_CARD,1,PRESENT
GTE_10070,STU1071,GATE_NORTH,2023-10-23 09:30:00,RFID_CARD,1,PRESENT
GTE_10072,STU1073,GATE_SOUTH,2023-10-23 09:02:00,RFID_CARD,1,PRESENT
GTE_10073,STU1074,GATE_NORTH,2023-10-23 08:46:00,RFID_CARD,1,PRESENT
GTE_10076,STU1077,GATE_NORTH,2023-10-23 08:28:00,RFID_CARD,1,PRESENT
GTE_10077,STU1078,GATE_SOUTH,2023-10-23 07:47:00,RFID_CARD,1,PRESENT
GTE_10078,STU1079,GATE_SOUTH,2023-10-23 07:30:00,RFID_CARD,1,PRESENT
GTE_10079,STU1080,GATE_SOUTH,2023-10-23 08:12:00,RFID_CARD,1,PRESENT
GTE_10080,STU1081,GATE_SOUTH,2023-10-23 09:12:00,RFID_CARD,1,PRESENT
GTE_10081,STU1082,GATE_SOUTH,2023-10-23 08:26:00,RFID_CARD,1,PRESENT
GTE_10082,STU1083,GATE_NORTH,2023-10-23 08:25:00,RFID_CARD,0,DENIED
GTE_10083,STU1084,GATE_SOUTH,2023-10-23 08:08:00,RFID_CARD,1,PRESENT
GTE_10084,STU1085,GATE_NORTH,2023-10-23 08:47:00,RFID_CARD,1,PRESENT
GTE_10085,STU1086,GATE_SOUTH,2023-10-23 08:31:00,RFID_CARD,1,PRESENT
GTE_10086,STU1087,GATE_SOUTH,2023-10-23 07:52:00,RFID_CARD,1,PRESENT
GTE_10087,STU1088,GATE_SOUTH,2023-10-23 08:10:00,RFID_CARD,1,PRESENT
GTE_10088,STU1089,GATE_SOUTH,2023-10-23 09:04:00,RFID_CARD,1,PRESENT
GTE_10089,STU1090,GATE_NORTH,2023-10-23 08:43:00,RFID_CARD,1,PRESENT
GTE_10090,STU1091,GATE_SOUTH,2023-10-23 08:11:00,RFID_CARD,1,PRESENT
GTE_10091,STU1092,GATE_SOUTH,2023-10-23 08:05:00,RFID_CARD,1,PRESENT
GTE_10092,STU1093,GATE_NORTH,2023-10-23 08:16:00,RFID_CARD,1,PRESENT
GTE_10093,STU1094,GATE_NORTH,2023-10-23 09:29:00,RFID_CARD,1,PRESENT
GTE_10094,STU1095,GATE_NORTH,2023-10-23 08:45:00,RFID_CARD,1,PRESENT
GTE_10095,STU1096,GATE_NORTH,2023-10-23 08:57:00,RFID_CARD,1,PRESENT
GTE_10096,STU1097,GATE_SOUTH,2023-10-23 09:03:00,RFID_CARD,1,PRESENT
GTE_10098,STU1099,GATE_NORTH,2023-10-23 09:30:00,RFID_CARD,1,PRESENT
GTE_10099,STU1100,GATE_SOUTH,2023-10-23 08:26:00,RFID_CARD,1,PRESENT
GTE_10100,STU1101,GATE_NORTH,2023-10-23 09:16:00,RFID_CARD,1,PRESENT
GTE_10101,STU1102,GATE_SOUTH,2023-10-23 09:14:00,RFID_CARD,1,PRESENT
GTE_10103,STU1104,GATE_SOUTH,2023-10-23 08:56:00,RFID_CARD,1,PRESENT
GTE_10104,STU1105,GATE_SOUTH,2023-10-23 07:47:00,RFID_CARD,1,PRESENT
GTE_10107,STU1108,GATE_SOUTH,2023-10-23 08:00:00,RFID_CARD,1,PRESENT
GTE_10108,STU1109,GATE_NORTH,2023-10-23 08:54:00,RFID_CARD,1,PRESENT
GTE_10110,STU1111,GATE_SOUTH,2023-10-23 09:01:00,RFID_CARD,1,PRESENT
GTE_10111,STU1112,GATE_SOUTH,2023-10-23 09:11:00,RFID_CARD,1,PRESENT
GTE_10112,STU1113,GATE_SOUTH,2023-10-23 07:39:00,RFID_CARD,1,PRESENT
GTE_10113,STU1114,GATE_SOUTH,2023-10-23 08:46:00,RFID_CARD,1,PRESENT
GTE_10114,STU1115,GATE_SOUTH,2023-10-23 08:44:00,RFID_CARD,1,PRESENT
GTE_10115,STU1116,GATE_SOUTH,2023-10-23 08:38:00,RFID_CARD,1,PRESENT
GTE_10116,STU1117,GATE_NORTH,2023-10-23 08:39:00,RFID_CARD,1,PRESENT
GTE_10117,STU1118,GATE_SOUTH,2023-10-23 09:11:00,RFID_CARD,1,PRESENT
GTE_10118,STU1119,GATE_NORTH,2023-10-23 08:59:00,RFID_CARD,1,PRESENT
GTE_10119,STU1120,GATE_NORTH,2023-10-23 07:43:00,RFID_CARD,1,PRESENT
GTE_10120,STU1121,GATE_SOUTH,2023-10-23 08:54:00,RFID_CARD,1,PRESENT
GTE_10122,STU1123,GATE_NORTH,2023-10-23 07:51:00,RFID_CARD,1,PRESENT
GTE_10123,STU1124,GATE_SOUTH,2023-10-23 08:42:00,RFID_CARD,1,PRESENT
GTE_10124,STU1125,GATE_SOUTH,2023-10-23 09:06:00,RFID_CARD,1,PRESENT
GTE_10125,STU1126,GATE_SOUTH,2023-10-23 09:11:00,RFID_CARD,1,PRESENT
GTE_10126,STU1127,GATE_NORTH,2023-10-23 07:43:00,RFID_CARD,1,PRESENT
GTE_10127,STU1128,GATE_SOUTH,2023-10-23 07:42:00,RFID_CARD,1,PRESENT
GTE_10128,STU1129,GATE_NORTH,2023-10-23 07:58:00,RFID_CARD,1,PRESENT
GTE_10131,STU1132,GATE_SOUTH,2023-10-23 08:27:00,RFID_CARD,1,PRESENT
GTE_10133,STU1134,GATE_SOUTH,2023-10-23 08:20:00,RFID_CARD,1,PRESENT
GTE_10136,STU1137,GATE_NORTH,2023-10-23 09:08:00,RFID_CARD,1,PRESENT
GTE_10138,STU1139,GATE_NORTH,2023-10-23 08:14:00,RFID_CARD,1,PRESENT
GTE_10139,STU1140,GATE_NORTH,2023-10-23 08:31:00,RFID_CARD,1,PRESENT
GTE_10140,STU1141,GATE_SOUTH,2023-10-23 08:07:00,RFID_CARD,1,PRESENT
GTE_10141,STU1142,GATE_NORTH,2023-10-23 09:27:00,RFID_CARD,1,PRESENT
GTE_10143,STU1144,GATE_NORTH,2023-10-23 07:44:00,RFID_CARD,1,PRESENT
GTE_10145,STU1146,GATE_SOUTH,2023-10-23 08:14:00,RFID_CARD,1,PRESENT
GTE_10146,STU1147,GATE_SOUTH,2023-10-23 08:13:00,RFID_CARD,1,PRESENT
GTE_10147,STU1148,GATE_NORTH,2023-10-23 09:10:00,RFID_CARD,1,PRESENT
GTE_10148,STU1149,GATE_SOUTH,2023-10-23 08:36:00,RFID_CARD,1,PRESENT
GTE_10150,STU1151,GATE_SOUTH,2023-10-23 08:14:00,RFID_CARD,1,PRESENT
GTE_10151,STU1152,GATE_SOUTH,2023-10-23 07:42:00,RFID_CARD,1,PRESENT
GTE_10152,STU1153,GATE_SOUTH,2023-10-23 09:02:00,RFID_CARD,1,PRESENT
GTE_10154,STU1155,GATE_NORTH,2023-10-23 08:10:00,RFID_CARD,1,PRESENT
GTE_10155,STU1156,GATE_NORTH,2023-10-23 08:08:00,RFID_CARD,1,PRESENT
GTE_10156,STU1157,GATE_NORTH,2023-10-23 09:13:00,RFID_CARD,1,PRESENT
GTE_10157,STU1158,GATE_SOUTH,2023-10-23 07:32:00,RFID_CARD,1,PRESENT
GTE_10158,STU1159,GATE_NORTH,2023-10-23 08:52:00,RFID_CARD,1,PRESENT
GTE_10159,STU1160,GATE_NORTH,2023-10-23 08:56:00,RFID_CARD,1,PRESENT
GTE_10160,STU1161,GATE_NORTH,2023-10-23 09:29:00,RFID_CARD,1,PRESENT
GTE_10161,STU1162,GATE_NORTH,2023-10-23 08:36:00,RFID_CARD,1,PRESENT
GTE_10162,STU1163,GATE_NORTH,2023-10-23 08:40:00,RFID_CARD,1,PRESENT
GTE_10163,STU1164,GATE_SOUTH,2023-10-23 08:12:00,RFID_CARD,1,PRESENT
GTE_10164,STU1165,GATE_NORTH,2023-10-23 08:29:00,RFID_CARD,1,PRESENT
GTE_10165,STU1166,GATE_SOUTH,2023-10-23 09:12:00,RFID_CARD,1,PRESENT
GTE_10167,STU1168,GATE_NORTH,2023-10-23 08:50:00,RFID_CARD,1,PRESENT
GTE_10168,STU1169,GATE_SOUTH,2023-10-23 07:53:00,RFID_CARD,1,PRESENT
GTE_10169,STU1170,GATE_NORTH,2023-10-23 08:20:00,RFID_CARD,1,PRESENT
GTE_10170,STU1171,GATE_NORTH,2023-10-23 09:04:00,RFID_CARD,1,PRESENT
GTE_10171,STU1172,GATE_SOUTH,2023-10-23 08:27:00,RFID_CARD,1,PRESENT
GTE_10172,STU1173,GATE_NORTH,2023-10-23 08:19:00,RFID_CARD,1,PRESENT
GTE_10173,STU1174,GATE_NORTH,2023-10-23 09:00:00,RFID_CARD,1,PRESENT
GTE_10174,STU1175,GATE_SOUTH,2023-10-23 07:56:00,RFID_CARD,1,PRESENT
GTE_10175,STU1176,GATE_NORTH,2023-10-23 09:06:00,RFID_CARD,1,PRESENT
GTE_10177,STU1178,GATE_NORTH,2023-10-23 08:43:00,RFID_CARD,1,PRESENT
GTE_10178,STU1179,GATE_NORTH,2023-10-23 09:12:00,RFID_CARD,1,PRESENT
GTE_10179,STU1180,GATE_SOUTH,2023-10-23 08:16:00,RFID_CARD,1,PRESENT
GTE_10180,STU1181,GATE_SOUTH,2023-10-23 07:55:00,RFID_CARD,1,PRESENT
GTE_10181,STU1182,GATE_SOUTH,2023-10-23 07:44:00,RFID_CARD,1,PRESENT
GTE_10182,STU1183,GATE_SOUTH,2023-10-23 08:55:00,RFID_CARD,1,PRESENT
GTE_10183,STU1184,GATE_SOUTH,2023-10-23 08:37:00,RFID_CARD,1,PRESENT
GTE_10184,STU1185,GATE_SOUTH,2023-10-23 08:46:00,RFID_CARD,1,PRESENT
GTE_10185,STU1186,GATE_SOUTH,2023-10-23 08:48:00,RFID_CARD,1,PRESENT
GTE_10186,STU1187,GATE_NORTH,2023-10-23 08:45:00,RFID_CARD,1,PRESENT
GTE_10187,STU1188,GATE_SOUTH,2023-10-23 08:14:00,RFID_CARD,1,PRESENT
GTE_10188,STU1189,GATE_SOUTH,2023-10-23 09:18:00,RFID_CARD,1,PRESENT
GTE_10189,STU1190,GATE_NORTH,2023-10-23 08:49:00,RFID_CARD,1,PRESENT
GTE_10191,STU1192,GATE_SOUTH,2023-10-23 09:14:00,RFID_CARD,1,PRESENT
GTE_10192,STU1193,GATE_NORTH,2023-10-23 09:27:00,RFID_CARD,1,PRESENT
GTE_10193,STU1194,GATE_NORTH,2023-10-23 08:56:00,RFID_CARD,1,PRESENT
GTE_10195,STU1196,GATE_NORTH,2023-10-23 08:10:00,RFID_CARD,1,PRESENT
GTE_10196,STU1197,GATE_SOUTH,2023-10-23 08:00:00,RFID_CARD,1,PRESENT
GTE_10197,STU1198,GATE_NORTH,2023-10-23 07:44:00,RFID_CARD,1,PRESENT
GTE_10198,STU1199,GATE_NORTH,2023-10-23 08:17:00,RFID_CARD,1,PRESENT
GTE_10200,STU1201,GATE_SOUTH,2023-10-23 08:35:00,RFID_CARD,1,PRESENT
GTE_10201,STU1202,GATE_NORTH,2023-10-23 08:23:00,RFID_CARD,1,PRESENT
GTE_10202,STU1203,GATE_SOUTH,2023-10-23 08:43:00,RFID_CARD,1,PRESENT
GTE_10203,STU1204,GATE_NORTH,2023-10-23 08:24:00,RFID_CARD,1,PRESENT
GTE_10204,STU1205,GATE_NORTH,2023-10-23 08:32:00,RFID_CARD,1,PRESENT
GTE_10205,STU1206,GATE_NORTH,2023-10-23 08:41:00,RFID_CARD,1,PRESENT
GTE_10206,STU1207,GATE_SOUTH,2023-10-23 08:32:00,RFID_CARD,1,PRESENT
GTE_10207,STU1208,GATE_NORTH,2023-10-23 07:47:00,RFID_CARD,1,PRESENT
GTE_10208,STU1209,GATE_SOUTH,2023-10-23 08:10:00,RFID_CARD,1,PRESENT
GTE_10209,STU1210,GATE_NORTH,2023-10-23 08:49:00,RFID_CARD,1,PRESENT
GTE_10210,STU1211,GATE_SOUTH,2023-10-23 09:20:00,RFID_CARD,1,PRESENT
GTE_10212,STU1213,GATE_SOUTH,2023-10-23 07:31:00,RFID_CARD,1,PRESENT
GTE_10213,STU1214,GATE_NORTH,2023-10-23 07:47:00,RFID_CARD,1,PRESENT
GTE_10216,STU1217,GATE_SOUTH,2023-10-23 09:14:00,RFID_CARD,1,PRESENT
GTE_10217,STU1218,GATE_SOUTH,2023-10-23 08:41:00,RFID_CARD,1,PRESENT
GTE_10219,STU1220,GATE_SOUTH,2023-10-23 08:22:00,RFID_CARD,1,PRESENT
GTE_10220,STU1221,GATE_SOUTH,2023-10-23 08:23:00,RFID_CARD,1,PRESENT
GTE_10221,STU1222,GATE_NORTH,2023-10-23 08:32:00,RFID_CARD,1,PRESENT
GTE_10223,STU1224,GATE_NORTH,2023-10-23 07:40:00,RFID_CARD,1,PRESENT
GTE_10226,STU1227,GATE_NORTH,2023-10-23 09:11:00,RFID_CARD,1,PRESENT
GTE_10227,STU1228,GATE_NORTH,2023-10-23 08:07:00,RFID_CARD,1,PRESENT
GTE_10228,STU1229,GATE_NORTH,2023-10-23 08:05:00,RFID_CARD,1,PRESENT
GTE_10229,STU1230,GATE_SOUTH,2023-10-23 08:38:00,RFID_CARD,1,PRESENT
GTE_10230,STU1231,GATE_SOUTH,2023-10-23 07:51:00,RFID_CARD,1,PRESENT
GTE_10231,STU1232,GATE_SOUTH,2023-10-23 08:42:00,RFID_CARD,1,PRESENT
GTE_10232,STU1233,GATE_NORTH,2023-10-23 08:40:00,RFID_CARD,1,PRESENT
GTE_10234,STU1235,GATE_NORTH,2023-10-23 08:43:00,RFID_CARD,1,PRESENT
GTE_10235,STU1236,GATE_SOUTH,2023-10-23 08:04:00,RFID_CARD,1,PRESENT
GTE_10236,STU1237,GATE_NORTH,2023-10-23 08:39:00,RFID_CARD,1,PRESENT
GTE_10237,STU1238,GATE_SOUTH,2023-10-23 09:07:00,RFID_CARD,1,PRESENT
GTE_10238,STU1239,GATE_NORTH,2023-10-23 08:39:00,RFID_CARD,1,PRESENT
GTE_10239,STU1240,GATE_NORTH,2023-10-23 08:24:00,RFID_CARD,1,PRESENT
GTE_10240,STU1241,GATE_NORTH,2023-10-23 09:04:00,RFID_CARD,0,DENIED
GTE_10241,STU1242,GATE_NORTH,2023-10-23 08:08:00,RFID_CARD,1,PRESENT
GTE_10242,STU1243,GATE_SOUTH,2023-10-23 08:27:00,RFID_CARD,1,PRESENT
GTE_10244,STU1245,GATE_NORTH,2023-10-23 08:14:00,RFID_CARD,1,PRESENT
GTE_10245,STU1246,GATE_NORTH,2023-10-23 08:26:00,RFID_CARD,1,PRESENT
GTE_10246,STU1247,GATE_NORTH,2023-10-23 09:09:00,RFID_CARD,1,PRESENT
GTE_10248,STU1249,GATE_SOUTH,2023-10-23 07:56:00,RFID_CARD,1,PRESENT
GTE_10249,STU1250,GATE_SOUTH,2023-10-23 09:20:00,RFID_CARD,1,PRESENT
GTE_10250,STU1251,GATE_NORTH,2023-10-23 07:51:00,RFID_CARD,1,PRESENT
GTE_10251,STU1252,GATE_NORTH,2023-10-23 09:10:00,RFID_CARD,1,PRESENT
GTE_10252,STU1253,GATE_NORTH,2023-10-23 09:14:00,RFID_CARD,1,PRESENT
GTE_10254,STU1255,GATE_NORTH,2023-10-23 09:13:00,RFID_CARD,1,PRESENT
GTE_10256,STU1257,GATE_SOUTH,2023-10-23 08:42:00,RFID_CARD,1,PRESENT
GTE_10257,STU1258,GATE_SOUTH,2023-10-23 08:38:00,RFID_CARD,1,PRESENT
GTE_10258,STU1259,GATE_NORTH,2023-10-23 08:46:00,RFID_CARD,1,PRESENT
GTE_10259,STU1260,GATE_SOUTH,2023-10-23 08:11:00,RFID_CARD,0,DENIED
GTE_10260,STU1261,GATE_SOUTH,2023-10-23 08:07:00,RFID_CARD,1,PRESENT
GTE_10262,STU1263,GATE_NORTH,2023-10-23 09:19:00,RFID_CARD,1,PRESENT
GTE_10263,STU1264,GATE_SOUTH,2023-10-23 07:47:00,RFID_CARD,1,PRESENT
GTE_10264,STU1265,GATE_NORTH,2023-10-23 09:27:00,RFID_CARD,1,PRESENT
GTE_10266,STU1267,GATE_NORTH,2023-10-23 08:05:00,RFID_CARD,1,PRESENT
GTE_10269,STU1270,GATE_NORTH,2023-10-23 08:59:00,RFID_CARD,1,PRESENT
GTE_10270,STU1271,GATE_NORTH,2023-10-23 08:01:00,RFID_CARD,1,PRESENT
GTE_10271,STU1272,GATE_SOUTH,2023-10-23 09:01:00,RFID_CARD,1,PRESENT
GTE_10272,STU1273,GATE_NORTH,2023-10-23 09:16:00,RFID_CARD,1,PRESENT
GTE_10275,STU1276,GATE_SOUTH,2023-10-23 09:07:00,RFID_CARD,1,PRESENT
GTE_10276,STU1277,GATE_NORTH,2023-10-23 08:32:00,RFID_CARD,1,PRESENT
GTE_10277,STU1278,GATE_SOUTH,2023-10-23 08:43:00,RFID_CARD,1,PRESENT
GTE_10279,STU1280,GATE_SOUTH,2023-10-23 08:50:00,RFID_CARD,1,PRESENT
GTE_10280,STU1281,GATE_SOUTH,2023-10-23 08:18:00,RFID_CARD,1,PRESENT
GTE_10281,STU1282,GATE_NORTH,2023-10-23 07:39:00,RFID_CARD,1,PRESENT
GTE_10283,STU1284,GATE_SOUTH,2023-10-23 08:21:00,RFID_CARD,1,PRESENT
GTE_10284,STU1285,GATE_SOUTH,2023-10-23 08:58:00,RFID_CARD,1,PRESENT
GTE_10286,STU1287,GATE_SOUTH,2023-10-23 08:28:00,RFID_CARD,1,PRESENT
GTE_10287,STU1288,GATE_NORTH,2023-10-23 08:11:00,RFID_CARD,1,PRESENT
GTE_10288,STU1289,GATE_NORTH,2023-10-23 09:21:00,RFID_CARD,1,PRESENT
GTE_10289,STU1290,GATE_SOUTH,2023-10-23 09:03:00,RFID_CARD,1,PRESENT
GTE_10290,STU1291,GATE_SOUTH,2023-10-23 08:51:00,RFID_CARD,1,PRESENT
GTE_10292,STU1293,GATE_NORTH,2023-10-23 09:18:00,RFID_CARD,0,DENIED
GTE_10294,STU1295,GATE_SOUTH,2023-10-23 09:11:00,RFID_CARD,1,PRESENT
GTE_10296,STU1297,GATE_SOUTH,2023-10-23 07:57:00,RFID_CARD,1,PRESENT
GTE_10297,STU1298,GATE_NORTH,2023-10-23 09:15:00,RFID_CARD,1,PRESENT
GTE_10299,STU1300,GATE_SOUTH,2023-10-23 08:33:00,RFID_CARD,1,PRESENT
GTE_10300,STU1301,GATE_SOUTH,2023-10-23 08:11:00,RFID_CARD,1,PRESENT
GTE_10301,STU1302,GATE_NORTH,2023-10-23 08:13:00,RFID_CARD,1,PRESENT
GTE_10302,STU1303,GATE_SOUTH,2023-10-23 08:42:00,RFID_CARD,1,PRESENT
GTE_10303,STU1304,GATE_SOUTH,2023-10-23 09:10:00,RFID_CARD,1,PRESENT
GTE_10305,STU1306,GATE_NORTH,2023-10-23 09:24:00,RFID_CARD,1,PRESENT
GTE_10307,STU1308,GATE_NORTH,2023-10-23 07:35:00,RFID_CARD,1,PRESENT
GTE_10308,STU1309,GATE_SOUTH,2023-10-23 08:50:00,RFID_CARD,1,PRESENT
GTE_10309,STU1310,GATE_NORTH,2023-10-23 07:32:00,RFID_CARD,1,PRESENT
GTE_10310,STU1311,GATE_NORTH,2023-10-23 09:28:00,RFID_CARD,1,PRESENT
GTE_10311,STU1312,GATE_SOUTH,2023-10-23 08:26:00,RFID_CARD,1,PRESENT
GTE_10312,STU1313,GATE_SOUTH,2023-10-23 07:30:00,RFID_CARD,1,PRESENT
GTE_10313,STU1314,GATE_NORTH,2023-10-23 07:55:00,RFID_CARD,1,PRESENT
GTE_10314,STU1315,GATE_SOUTH,2023-10-23 09:22:00,RFID_CARD,1,PRESENT
GTE_10315,STU1316,GATE_SOUTH,2023-10-23 07:50:00,RFID_CARD,1,PRESENT
GTE_10316,STU1317,GATE_SOUTH,2023-10-23 07:41:00,RFID_CARD,1,PRESENT
GTE_10318,STU1319,GATE_NORTH,2023-10-23 08:02:00,RFID_CARD,1,PRESENT
GTE_10319,STU1320,GATE_NORTH,2023-10-23 08:17:00,RFID_CARD,1,PRESENT
GTE_10320,STU1321,GATE_SOUTH,2023-10-23 07:36:00,RFID_CARD,0,DENIED
GTE_10321,STU1322,GATE_SOUTH,2023-10-23 08:50:00,RFID_CARD,1,PRESENT
GTE_10322,STU1323,GATE_NORTH,2023-10-23 09:02:00,RFID_CARD,1,PRESENT
GTE_10323,STU1324,GATE_NORTH,2023-10-23 08:24:00,RFID_CARD,1,PRESENT
GTE_10324,STU1325,GATE_NORTH,2023-10-23 09:00:00,RFID_CARD,1,PRESENT
GTE_10325,STU1326,GATE_NORTH,2023-10-23 07:30:00,RFID_CARD,1,PRESENT
GTE_10326,STU1327,GATE_NORTH,2023-10-23 08:31:00,RFID_CARD,1,PRESENT
GTE_10328,STU1329,GATE_NORTH,2023-10-23 07:46:00,RFID_CARD,1,PRESENT
GTE_10329,STU1330,GATE_SOUTH,2023-10-23 08:36:00,RFID_CARD,1,PRESENT
GTE_10330,STU1331,GATE_NORTH,2023-10-23 07:31:00,RFID_CARD,1,PRESENT
GTE_10331,STU1332,GATE_SOUTH,2023-10-23 08:59:00,RFID_CARD,1,PRESENT
GTE_10332,STU1333,GATE_NORTH,2023-10-23 09:14:00,RFID_CARD,1,PRESENT
GTE_10333,STU1334,GATE_SOUTH,2023-10-23 09:20:00,RFID_CARD,1,PRESENT
GTE_10334,STU1335,GATE_NORTH,2023-10-23 08:58:00,RFID_CARD,1,PRESENT
GTE_10335,STU1336,GATE_NORTH,2023-10-23 08:31:00,RFID_CARD,1,PRESENT
GTE_10336,STU1337,GATE_SOUTH,2023-10-23 07:59:00,RFID_CARD,1,PRESENT
GTE_10337,STU1338,GATE_NORTH,2023-10-23 07:41:00,RFID_CARD,1,PRESENT
GTE_10339,STU1340,GATE_SOUTH,2023-10-23 07:43:00,RFID_CARD,1,PRESENT
GTE_10340,STU1341,GATE_SOUTH,2023-10-23 08:17:00,RFID_CARD,1,PRESENT
GTE_10341,STU1342,GATE_SOUTH,2023-10-23 07:47:00,RFID_CARD,1,PRESENT
GTE_10342,STU1343,GATE_NORTH,2023-10-23 09:09:00,RFID_CARD,1,PRESENT
GTE_10343,STU1344,GATE_NORTH,2023-10-23 08:52:00,RFID_CARD,1,PRESENT
GTE_10344,STU1345,GATE_NORTH,2023-10-23 07:38:00,RFID_CARD,1,PRESENT
GTE_10345,STU1346,GATE_NORTH,2023-10-23 08:48:00,RFID_CARD,1,PRESENT
GTE_10346,STU1347,GATE_SOUTH,2023-10-23 08:26:00,RFID_CARD,1,PRESENT
GTE_10347,STU1348,GATE_NORTH,2023-10-23 09:02:00,RFID_CARD,1,PRESENT
GTE_10348,STU1349,GATE_NORTH,2023-10-23 08:50:00,RFID_CARD,1,PRESENT
GTE_10349,STU1350,GATE_SOUTH,2023-10-23 09:27:00,RFID_CARD,1,PRESENT
GTE_10350,STU1351,GATE_SOUTH,2023-10-23 08:48:00,RFID_CARD,1,PRESENT
GTE_10351,STU1352,GATE_NORTH,2023-10-23 09:20:00,RFID_CARD,1,PRESENT
GTE_10352,STU1353,GATE_NORTH,2023-10-23 07:41:00,RFID_CARD,1,PRESENT
GTE_10353,STU1354,GATE_NORTH,2023-10-23 07:47:00,RFID_CARD,1,PRESENT
GTE_10354,STU1355,GATE_SOUTH,2023-10-23 08:45:00,RFID_CARD,1,PRESENT
GTE_10355,STU1356,GATE_SOUTH,2023-10-23 08:14:00,RFID_CARD,1,PRESENT
GTE_10356,STU1357,GATE_NORTH,2023-10-23 08:10:00,RFID_CARD,1,PRESENT
GTE_10357,STU1358,GATE_SOUTH,2023-10-23 08:01:00,RFID_CARD,1,PRESENT
GTE_10358,STU1359,GATE_NORTH,2023-10-23 08:52:00,RFID_CARD,1,PRESENT
GTE_10359,STU1360,GATE_SOUTH,2023-10-23 08:01:00,RFID_CARD,1,PRESENT
GTE_10360,STU1361,GATE_NORTH,2023-10-23 09:09:00,RFID_CARD,1,PRESENT
GTE_10361,STU1362,GATE_SOUTH,2023-10-23 09:18:00,RFID_CARD,0,DENIED
GTE_10362,STU1363,GATE_NORTH,2023-10-23 07:56:00,RFID_CARD,1,PRESENT
GTE_10363,STU1364,GATE_SOUTH,2023-10-23 09:05:00,RFID_CARD,1,PRESENT
GTE_10364,STU1365,GATE_NORTH,2023-10-23 08:07:00,RFID_CARD,1,PRESENT
GTE_10365,STU1366,GATE_NORTH,2023-10-23 09:10:00,RFID_CARD,1,PRESENT
GTE_10366,STU1367,GATE_SOUTH,2023-10-23 08:33:00,RFID_CARD,1,PRESENT
GTE_10367,STU1368,GATE_NORTH,2023-10-23 07:44:00,RFID_CARD,1,PRESENT
GTE_10368,STU1369,GATE_NORTH,2023-10-23 08:33:00,RFID_CARD,0,DENIED
GTE_10369,STU1370,GATE_NORTH,2023-10-23 08:37:00,RFID_CARD,1,PRESENT
GTE_10372,STU1373,GATE_SOUTH,2023-10-23 08:16:00,RFID_CARD,1,PRESENT
GTE_10373,STU1374,GATE_SOUTH,2023-10-23 07:46:00,RFID_CARD,1,PRESENT
GTE_10375,STU1376,GATE_SOUTH,2023-10-23 09:20:00,RFID_CARD,1,PRESENT
GTE_10376,STU1377,GATE_NORTH,2023-10-23 08:16:00,RFID_CARD,1,PRESENT
GTE_10377,STU1378,GATE_SOUTH,2023-10-23 09:07:00,RFID_CARD,1,PRESENT
GTE_10378,STU1379,GATE_NORTH,2023-10-23 09:08:00,RFID_CARD,1,PRESENT
GTE_10379,STU1380,GATE_NORTH,2023-10-23 07:32:00,RFID_CARD,1,PRESENT
GTE_10380,STU1381,GATE_SOUTH,2023-10-23 07:31:00,RFID_CARD,1,PRESENT
GTE_10381,STU1382,GATE_NORTH,2023-10-23 07:57:00,RFID_CARD,1,PRESENT
GTE_10382,STU1383,GATE_NORTH,2023-10-23 09:28:00,RFID_CARD,1,PRESENT
GTE_10383,STU1384,GATE_SOUTH,2023-10-23 09:11:00,RFID_CARD,1,PRESENT
GTE_10384,STU1385,GATE_SOUTH,2023-10-23 08:34:00,RFID_CARD,1,PRESENT
GTE_10386,STU1387,GATE_SOUTH,2023-10-23 08:50:00,RFID_CARD,1,PRESENT
GTE_10387,STU1388,GATE_SOUTH,2023-10-23 08:24:00,RFID_CARD,1,PRESENT
GTE_10388,STU1389,GATE_NORTH,2023-10-23 07:40:00,RFID_CARD,1,PRESENT
GTE_10389,STU1390,GATE_NORTH,2023-10-23 08:05:00,RFID_CARD,1,PRESENT
GTE_10390,STU1391,GATE_NORTH,2023-10-23 08:09:00,RFID_CARD,1,PRESENT
GTE_10391,STU1392,GATE_NORTH,2023-10-23 08:35:00,RFID_CARD,1,PRESENT
GTE_10392,STU1393,GATE_NORTH,2023-10-23 09:13:00,RFID_CARD,1,PRESENT
GTE_10394,STU1395,GATE_SOUTH,2023-10-23 08:38:00,RFID_CARD,1,PRESENT
GTE_10395,STU1396,GATE_NORTH,2023-10-23 08:20:00,RFID_CARD,1,PRESENT
GTE_10396,STU1397,GATE_SOUTH,2023-10-23 08:09:00,RFID_CARD,1,PRESENT
GTE_10397,STU1398,GATE_NORTH,2023-10-23 09:03:00,RFID_CARD,1,PRESENT
GTE_10398,STU1399,GATE_NORTH,2023-10-23 07:37:00,RFID_CARD,1,PRESENT
GTE_10399,STU1400,GATE_SOUTH,2023-10-23 07:41:00,RFID_CARD,1,PRESENT
GTE_10400,STU1401,GATE_SOUTH,2023-10-23 07:44:00,RFID_CARD,1,PRESENT
GTE_10402,STU1403,GATE_NORTH,2023-10-23 08:48:00,RFID_CARD,1,PRESENT
GTE_10403,STU1404,GATE_NORTH,2023-10-23 08:09:00,RFID_CARD,1,PRESENT
GTE_10404,STU1405,GATE_NORTH,2023-10-23 07:45:00,RFID_CARD,1,PRESENT
GTE_10405,STU1406,GATE_NORTH,2023-10-23 09:00:00,RFID_CARD,1,PRESENT
GTE_10406,STU1407,GATE_NORTH,2023-10-23 08:59:00,RFID_CARD,1,PRESENT
GTE_10407,STU1408,GATE_SOUTH,2023-10-23 07:50:00,RFID_CARD,1,PRESENT
GTE_10409,STU1410,GATE_SOUTH,2023-10-23 08:14:00,RFID_CARD,1,PRESENT
GTE_10411,STU1412,GATE_SOUTH,2023-10-23 07:51:00,RFID_CARD,1,PRESENT
GTE_10412,STU1413,GATE_SOUTH,2023-10-23 07:46:00,RFID_CARD,1,PRESENT
GTE_10413,STU1414,GATE_NORTH,2023-10-23 09:03:00,RFID_CARD,1,PRESENT
GTE_10415,STU1416,GATE_NORTH,2023-10-23 09:08:00,RFID_CARD,1,PRESENT
GTE_10416,STU1417,GATE_SOUTH,2023-10-23 08:12:00,RFID_CARD,1,PRESENT
GTE_10417,STU1418,GATE_NORTH,2023-10-23 08:04:00,RFID_CARD,1,PRESENT
GTE_10418,STU1419,GATE_NORTH,2023-10-23 08:03:00,RFID_CARD,1,PRESENT
GTE_10420,STU1421,GATE_SOUTH,2023-10-23 08:33:00,RFID_CARD,1,PRESENT
GTE_10421,STU1422,GATE_SOUTH,2023-10-23 08:35:00,RFID_CARD,1,PRESENT
GTE_10422,STU1423,GATE_SOUTH,2023-10-23 07:37:00,RFID_CARD,1,PRESENT
GTE_10423,STU1424,GATE_NORTH,2023-10-23 09:19:00,RFID_CARD,1,PRESENT
GTE_10424,STU1425,GATE_NORTH,2023-10-23 08:17:00,RFID_CARD,1,PRESENT
GTE_10425,STU1426,GATE_NORTH,2023-10-23 08:02:00,RFID_CARD,1,PRESENT
GTE_10426,STU1427,GATE_NORTH,2023-10-23 09:24:00,RFID_CARD,1,PRESENT
GTE_10427,STU1428,GATE_NORTH,2023-10-23 07:59:00,RFID_CARD,1,PRESENT
GTE_10428,STU1429,GATE_NORTH,2023-10-23 07:35:00,RFID_CARD,1,PRESENT
GTE_10429,STU1430,GATE_NORTH,2023-10-23 08:01:00,RFID_CARD,1,PRESENT
GTE_10430,STU1431,GATE_SOUTH,2023-10-23 08:30:00,RFID_CARD,1,PRESENT
GTE_10431,STU1432,GATE_NORTH,2023-10-23 08:19:00,RFID_CARD,1,PRESENT
GTE_10432,STU1433,GATE_NORTH,2023-10-23 07:52:00,RFID_CARD,1,PRESENT
GTE_10433,STU1434,GATE_SOUTH,2023-10-23 08:40:00,RFID_CARD,1,PRESENT
GTE_10435,STU1436,GATE_SOUTH,2023-10-23 07:58:00,RFID_CARD,1,PRESENT
GTE_10437,STU1438,GATE_SOUTH,2023-10-23 08:01:00,RFID_CARD,1,PRESENT
GTE_10438,STU1439,GATE_SOUTH,2023-10-23 09:27:00,RFID_CARD,1,PRESENT
GTE_10439,STU1440,GATE_NORTH,2023-10-23 08:04:00,RFID_CARD,1,PRESENT
GTE_10442,STU1443,GATE_SOUTH,2023-10-23 08:43:00,RFID_CARD,1,PRESENT
GTE_10444,STU1445,GATE_NORTH,2023-10-23 07:45:00,RFID_CARD,1,PRESENT
GTE_10447,STU1448,GATE_NORTH,2023-10-23 07:52:00,RFID_CARD,1,PRESENT
GTE_10448,STU1449,GATE_NORTH,2023-10-23 09:12:00,RFID_CARD,1,PRESENT
GTE_10449,STU1450,GATE_NORTH,2023-10-23 08:21:00,RFID_CARD,1,PRESENT
GTE_10450,STU1451,GATE_SOUTH,2023-10-23 09:22:00,RFID_CARD,1,PRESENT
GTE_10451,STU1452,GATE_SOUTH,2023-10-23 09:20:00,RFID_CARD,1,PRESENT
GTE_10453,STU1454,GATE_SOUTH,2023-10-23 09:09:00,RFID_CARD,1,PRESENT
GTE_10454,STU1455,GATE_NORTH,2023-10-23 08:11:00,RFID_CARD,1,PRESENT
GTE_10455,STU1456,GATE_SOUTH,2023-10-23 08:40:00,RFID_CARD,1,PRESENT
GTE_10456,STU1457,GATE_SOUTH,2023-10-23 07:31:00,RFID_CARD,1,PRESENT
GTE_10457,STU1458,GATE_SOUTH,2023-10-23 07:55:00,RFID_CARD,1,PRESENT
GTE_10459,STU1460,GATE_SOUTH,2023-10-23 08:42:00,RFID_CARD,1,PRESENT
GTE_10460,STU1461,GATE_NORTH,2023-10-23 09:04:00,RFID_CARD,1,PRESENT
GTE_10461,STU1462,GATE_SOUTH,2023-10-23 08:29:00,RFID_CARD,1,PRESENT
GTE_10463,STU1464,GATE_SOUTH,2023-10-23 08:45:00,RFID_CARD,1,PRESENT
GTE_10464,STU1465,GATE_NORTH,2023-10-23 09:08:00,RFID_CARD,0,DENIED
GTE_10465,STU1466,GATE_NORTH,2023-10-23 09:03:00,RFID_CARD,1,PRESENT
GTE_10466,STU1467,GATE_NORTH,2023-10-23 07:49:00,RFID_CARD,1,PRESENT
GTE_10467,STU1468,GATE_SOUTH,2023-10-23 09:29:00,RFID_CARD,1,PRESENT
GTE_10468,STU1469,GATE_NORTH,2023-10-23 07:33:00,RFID_CARD,1,PRESENT
GTE_10469,STU1470,GATE_SOUTH,2023-10-23 08:39:00,RFID_CARD,1,PRESENT
GTE_10470,STU1471,GATE_NORTH,2023-10-23 08:51:00,RFID_CARD,1,PRESENT
GTE_10471,STU1472,GATE_NORTH,2023-10-23 08:12:00,RFID_CARD,1,PRESENT
GTE_10472,STU1473,GATE_SOUTH,2023-10-23 09:07:00,RFID_CARD,1,PRESENT
GTE_10473,STU1474,GATE_SOUTH,2023-10-23 09:18:00,RFID_CARD,1,PRESENT
GTE_10474,STU1475,GATE_NORTH,2023-10-23 07:43:00,RFID_CARD,1,PRESENT
GTE_10477,STU1478,GATE_NORTH,2023-10-23 08:37:00,RFID_CARD,1,PRESENT
GTE_10478,STU1479,GATE_SOUTH,2023-10-23 08:23:00,RFID_CARD,1,PRESENT
GTE_10479,STU1480,GATE_NORTH,2023-10-23 07:37:00,RFID_CARD,1,PRESENT
GTE_10480,STU1481,GATE_SOUTH,2023-10-23 09:01:00,RFID_CARD,1,PRESENT
GTE_10481,STU1482,GATE_NORTH,2023-10-23 07:41:00,RFID_CARD,1,PRESENT
GTE_10482,STU1483,GATE_NORTH,2023-10-23 09:27:00,RFID_CARD,1,PRESENT
GTE_10483,STU1484,GATE_SOUTH,2023-10-23 09:24:00,RFID_CARD,1,PRESENT
GTE_10484,STU1485,GATE_SOUTH,2023-10-23 08:59:00,RFID_CARD,1,PRESENT
GTE_10485,STU1486,GATE_NORTH,2023-10-23 08:28:00,RFID_CARD,1,PRESENT
GTE_10486,STU1487,GATE_NORTH,2023-10-23 08:44:00,RFID_CARD,1,PRESENT
GTE_10487,STU1488,GATE_NORTH,2023-10-23 08:34:00,RFID_CARD,1,PRESENT
GTE_10488,STU1489,GATE_SOUTH,2023-10-23 08:51:00,RFID_CARD,1,PRESENT
GTE_10489,STU1490,GATE_NORTH,2023-10-23 07:39:00,RFID_CARD,1,PRESENT
GTE_10490,STU1491,GATE_NORTH,2023-10-23 08:25:00,RFID_CARD,1,PRESENT
GTE_10491,STU1492,GATE_SOUTH,2023-10-23 08:00:00,RFID_CARD,1,PRESENT
GTE_10492,STU1493,GATE_SOUTH,2023-10-23 08:03:00,RFID_CARD,1,PRESENT
GTE_10493,STU1494,GATE_SOUTH,2023-10-23 09:28:00,RFID_CARD,1,PRESENT
GTE_10494,STU1495,GATE_SOUTH,2023-10-23 08:59:00,RFID_CARD,1,PRESENT
GTE_10495,STU1496,GATE_SOUTH,2023-10-23 08:10:00,RFID_CARD,1,PRESENT
GTE_10496,STU1497,GATE_NORTH,2023-10-23 08:04:00,RFID_CARD,1,PRESENT
GTE_10497,STU1498,GATE_NORTH,2023-10-23 07:39:00,RFID_CARD,1,PRESENT
GTE_10498,STU1499,GATE_NORTH,2023-10-23 07:47:00,RFID_CARD,1,PRESENT
GTE_10499,STU1500,GATE_NORTH,2023-10-23 07:49:00,RFID_CARD,1,PRESENT
GTE_10500,STU1501,GATE_SOUTH,2023-10-23 07:51:00,RFID_CARD,1,PRESENT
GTE_10501,STU1502,GATE_SOUTH,2023-10-23 08:29:00,RFID_CARD,1,PRESENT
GTE_10503,STU1504,GATE_NORTH,2023-10-23 08:22:00,RFID_CARD,1,PRESENT
GTE_10504,STU1505,GATE_SOUTH,2023-10-23 08:38:00,RFID_CARD,1,PRESENT
GTE_10505,STU1506,GATE_NORTH,2023-10-23 09:08:00,RFID_CARD,1,PRESENT
GTE_10506,STU1507,GATE_SOUTH,2023-10-23 08:27:00,RFID_CARD,1,PRESENT
GTE_10507,STU1508,GATE_SOUTH,2023-10-23 08:29:00,RFID_CARD,1,PRESENT
GTE_10508,STU1509,GATE_NORTH,2023-10-23 09:19:00,RFID_CARD,0,DENIED
GTE_10509,STU1510,GATE_NORTH,2023-10-23 07:41:00,RFID_CARD,1,PRESENT
GTE_10510,STU1511,GATE_SOUTH,2023-10-23 09:13:00,RFID_CARD,1,PRESENT
GTE_10512,STU1513,GATE_NORTH,2023-10-23 09:15:00,RFID_CARD,1,PRESENT
GTE_10513,STU1514,GATE_SOUTH,2023-10-23 07:57:00,RFID_CARD,1,PRESENT
GTE_10514,STU1515,GATE_NORTH,2023-10-23 07:48:00,RFID_CARD,1,PRESENT
GTE_10515,STU1516,GATE_NORTH,2023-10-23 09:01:00,RFID_CARD,1,PRESENT
GTE_10516,STU1517,GATE_SOUTH,2023-10-23 08:15:00,RFID_CARD,1,PRESENT
GTE_10518,STU1519,GATE_NORTH,2023-10-23 08:35:00,RFID_CARD,1,PRESENT
GTE_10519,STU1520,GATE_SOUTH,2023-10-23 08:56:00,RFID_CARD,1,PRESENT
GTE_10521,STU1522,GATE_NORTH,2023-10-23 08:03:00,RFID_CARD,1,PRESENT
GTE_10522,STU1523,GATE_SOUTH,2023-10-23 07:33:00,RFID_CARD,1,PRESENT
GTE_10523,STU1524,GATE_SOUTH,2023-10-23 09:19:00,RFID_CARD,1,PRESENT
GTE_10524,STU1525,GATE_NORTH,2023-10-23 08:41:00,RFID_CARD,1,PRESENT
GTE_10525,STU1526,GATE_SOUTH,2023-10-23 07:42:00,RFID_CARD,1,PRESENT
GTE_10526,STU1527,GATE_NORTH,2023-10-23 07:43:00,RFID_CARD,1,PRESENT
GTE_10527,STU1528,GATE_NORTH,2023-10-23 07:45:00,RFID_CARD,1,PRESENT
GTE_10528,STU1529,GATE_NORTH,2023-10-23 07:37:00,RFID_CARD,1,PRESENT
GTE_10529,STU1530,GATE_NORTH,2023-10-23 07:46:00,RFID_CARD,1,PRESENT
GTE_10530,STU1531,GATE_SOUTH,2023-10-23 09:15:00,RFID_CARD,1,PRESENT
GTE_10531,STU1532,GATE_NORTH,2023-10-23 08:17:00,RFID_CARD,1,PRESENT
GTE_10532,STU1533,GATE_SOUTH,2023-10-23 08:44:00,RFID_CARD,1,PRESENT
GTE_10533,STU1534,GATE_NORTH,2023-10-23 09:27:00,RFID_CARD,1,PRESENT
GTE_10534,STU1535,GATE_NORTH,2023-10-23 07:32:00,RFID_CARD,1,PRESENT
GTE_10535,STU1536,GATE_SOUTH,2023-10-23 07:55:00,RFID_CARD,1,PRESENT
GTE_10536,STU1537,GATE_NORTH,2023-10-23 09:13:00,RFID_CARD,1,PRESENT
GTE_10537,STU1538,GATE_SOUTH,2023-10-23 07:41:00,RFID_CARD,1,PRESENT
GTE_10538,STU1539,GATE_NORTH,2023-10-23 07:45:00,RFID_CARD,1,PRESENT
GTE_10539,STU1540,GATE_SOUTH,2023-10-23 09:30:00,RFID_CARD,1,PRESENT
GTE_10540,STU1541,GATE_NORTH,2023-10-23 07:36:00,RFID_CARD,1,PRESENT
GTE_10541,STU1542,GATE_SOUTH,2023-10-23 09:28:00,RFID_CARD,1,PRESENT
GTE_10543,STU1544,GATE_SOUTH,2023-10-23 09:15:00,RFID_CARD,1,PRESENT
GTE_10544,STU1545,GATE_NORTH,2023-10-23 08:33:00,RFID_CARD,1,PRESENT
GTE_10545,STU1546,GATE_SOUTH,2023-10-23 08:18:00,RFID_CARD,1,PRESENT
GTE_10546,STU1547,GATE_SOUTH,2023-10-23 07:52:00,RFID_CARD,1,PRESENT
GTE_10547,STU1548,GATE_NORTH,2023-10-23 07:57:00,RFID_CARD,1,PRESENT
GTE_10548,STU1549,GATE_SOUTH,2023-10-23 08:05:00,RFID_CARD,1,PRESENT
GTE_10549,STU1550,GATE_NORTH,2023-10-23 08:27:00,RFID_CARD,1,PRESENT
GTE_10552,STU1553,GATE_NORTH,2023-10-23 07:34:00,RFID_CARD,1,PRESENT
GTE_10554,STU1555,GATE_SOUTH,2023-10-23 08:52:00,RFID_CARD,1,PRESENT
GTE_10556,STU1557,GATE_SOUTH,2023-10-23 08:33:00,RFID_CARD,1,PRESENT
GTE_10557,STU1558,GATE_SOUTH,2023-10-23 09:22:00,RFID_CARD,1,PRESENT
GTE_10560,STU1561,GATE_NORTH,2023-10-23 07:37:00,RFID_CARD,1,PRESENT
GTE_10561,STU1562,GATE_SOUTH,2023-10-23 08:05:00,RFID_CARD,1,PRESENT
GTE_10562,STU1563,GATE_SOUTH,2023-10-23 07:47:00,RFID_CARD,1,PRESENT
GTE_10563,STU1564,GATE_NORTH,2023-10-23 07:55:00,RFID_CARD,1,PRESENT
GTE_10564,STU1565,GATE_NORTH,2023-10-23 08:50:00,RFID_CARD,1,PRESENT
GTE_10565,STU1566,GATE_SOUTH,2023-10-23 08:18:00,RFID_CARD,1,PRESENT
GTE_10566,STU1567,GATE_SOUTH,2023-10-23 08:31:00,RFID_CARD,1,PRESENT
GTE_10567,STU1568,GATE_SOUTH,2023-10-23 08:14:00,RFID_CARD,1,PRESENT
GTE_10568,STU1569,GATE_SOUTH,2023-10-23 08:19:00,RFID_CARD,1,PRESENT
GTE_10569,STU1570,GATE_NORTH,2023-10-23 07:53:00,RFID_CARD,1,PRESENT
GTE_10570,STU1571,GATE_NORTH,2023-10-23 08:10:00,RFID_CARD,1,PRESENT
GTE_10571,STU1572,GATE_SOUTH,2023-10-23 07:33:00,RFID_CARD,1,PRESENT
GTE_10572,STU1573,GATE_SOUTH,2023-10-23 07:37:00,RFID_CARD,1,PRESENT
GTE_10573,STU1574,GATE_SOUTH,2023-10-23 08:37:00,RFID_CARD,1,PRESENT
GTE_10574,STU1575,GATE_NORTH,2023-10-23 09:08:00,RFID_CARD,0,DENIED
GTE_10575,STU1576,GATE_NORTH,2023-10-23 07:50:00,RFID_CARD,1,PRESENT
GTE_10576,STU1577,GATE_NORTH,2023-10-23 08:01:00,RFID_CARD,1,PRESENT
GTE_10577,STU1578,GATE_NORTH,2023-10-23 08:04:00,RFID_CARD,1,PRESENT
GTE_10579,STU1580,GATE_NORTH,2023-10-23 09:07:00,RFID_CARD,1,PRESENT
GTE_10580,STU1581,GATE_SOUTH,2023-10-23 08:43:00,RFID_CARD,1,PRESENT
GTE_10581,STU1582,GATE_NORTH,2023-10-23 08:15:00,RFID_CARD,1,PRESENT
GTE_10582,STU1583,GATE_NORTH,2023-10-23 07:52:00,RFID_CARD,1,PRESENT
GTE_10583,STU1584,GATE_SOUTH,2023-10-23 08:45:00,RFID_CARD,1,PRESENT
GTE_10584,STU1585,GATE_SOUTH,2023-10-23 09:13:00,RFID_CARD,1,PRESENT
GTE_10586,STU1587,GATE_NORTH,2023-10-23 09:26:00,RFID_CARD,1,PRESENT
GTE_10587,STU1588,GATE_SOUTH,2023-10-23 09:00:00,RFID_CARD,1,PRESENT
GTE_10589,STU1590,GATE_NORTH,2023-10-23 08:42:00,RFID_CARD,1,PRESENT
GTE_10590,STU1591,GATE_NORTH,2023-10-23 08:42:00,RFID_CARD,1,PRESENT
GTE_10592,STU1593,GATE_SOUTH,2023-10-23 09:17:00,RFID_CARD,1,PRESENT
GTE_10593,STU1594,GATE_SOUTH,2023-10-23 08:39:00,RFID_CARD,0,DENIED
GTE_10594,STU1595,GATE_SOUTH,2023-10-23 07:52:00,RFID_CARD,1,PRESENT
GTE_10595,STU1596,GATE_NORTH,2023-10-23 07:34:00,RFID_CARD,1,PRESENT
GTE_10596,STU1597,GATE_NORTH,2023-10-23 07:37:00,RFID_CARD,1,PRESENT
GTE_10597,STU1598,GATE_NORTH,2023-10-23 08:47:00,RFID_CARD,1,PRESENT
GTE_10598,STU1599,GATE_SOUTH,2023-10-23 07:32:00,RFID_CARD,1,PRESENT
GTE_10599,STU1600,GATE_SOUTH,2023-10-23 07:30:00,RFID_CARD,1,PRESENT
GTE_10604,STU1605,GATE_NORTH,2023-10-23 09:27:00,RFID_CARD,1,PRESENT
GTE_10605,STU1606,GATE_NORTH,2023-10-23 09:13:00,RFID_CARD,1,PRESENT
GTE_10606,STU1607,GATE_NORTH,2023-10-23 08:13:00,RFID_CARD,1,PRESENT
GTE_10607,STU1608,GATE_SOUTH,2023-10-23 09:27:00,RFID_CARD,1,PRESENT
GTE_10608,STU1609,GATE_NORTH,2023-10-23 07:37:00,RFID_CARD,1,PRESENT
GTE_10609,STU1610,GATE_NORTH,2023-10-23 07:48:00,RFID_CARD,1,PRESENT
GTE_10611,STU1612,GATE_NORTH,2023-10-23 09:09:00,RFID_CARD,1,PRESENT
GTE_10615,STU1616,GATE_SOUTH,2023-10-23 09:18:00,RFID_CARD,1,PRESENT
GTE_10616,STU1617,GATE_SOUTH,2023-10-23 07:39:00,RFID_CARD,1,PRESENT
GTE_10617,STU1618,GATE_SOUTH,2023-10-23 09:00:00,RFID_CARD,1,PRESENT
GTE_10618,STU1619,GATE_NORTH,2023-10-23 08:45:00,RFID_CARD,1,PRESENT
GTE_10619,STU1620,GATE_SOUTH,2023-10-23 08:13:00,RFID_CARD,1,PRESENT
GTE_10620,STU1621,GATE_NORTH,2023-10-23 08:11:00,RFID_CARD,1,PRESENT
GTE_10621,STU1622,GATE_SOUTH,2023-10-23 07:50:00,RFID_CARD,1,PRESENT
GTE_10622,STU1623,GATE_SOUTH,2023-10-23 09:11:00,RFID_CARD,1,PRESENT
GTE_10623,STU1624,GATE_SOUTH,2023-10-23 08:53:00,RFID_CARD,1,PRESENT
GTE_10624,STU1625,GATE_SOUTH,2023-10-23 07:52:00,RFID_CARD,1,PRESENT
GTE_10625,STU1626,GATE_NORTH,2023-10-23 07:58:00,RFID_CARD,1,PRESENT
GTE_10627,STU1628,GATE_SOUTH,2023-10-23 08:18:00,RFID_CARD,1,PRESENT
GTE_10630,STU1631,GATE_SOUTH,2023-10-23 09:03:00,RFID_CARD,1,PRESENT
GTE_10631,STU1632,GATE_NORTH,2023-10-23 07:46:00,RFID_CARD,1,PRESENT
GTE_10632,STU1633,GATE_NORTH,2023-10-23 09:03:00,RFID_CARD,1,PRESENT
GTE_10633,STU1634,GATE_SOUTH,2023-10-23 08:59:00,RFID_CARD,1,PRESENT
GTE_10635,STU1636,GATE_NORTH,2023-10-23 09:18:00,RFID_CARD,1,PRESENT
GTE_10636,STU1637,GATE_SOUTH,2023-10-23 07:53:00,RFID_CARD,1,PRESENT
GTE_10637,STU1638,GATE_NORTH,2023-10-23 09:27:00,RFID_CARD,1,PRESENT
GTE_10638,STU1639,GATE_NORTH,2023-10-23 08:51:00,RFID_CARD,1,PRESENT
GTE_10639,STU1640,GATE_SOUTH,2023-10-23 09:29:00,RFID_CARD,1,PRESENT
GTE_10640,STU1641,GATE_SOUTH,2023-10-23 07:48:00,RFID_CARD,1,PRESENT
GTE_10642,STU1643,GATE_NORTH,2023-10-23 09:05:00,RFID_CARD,1,PRESENT
GTE_10643,STU1644,GATE_SOUTH,2023-10-23 08:00:00,RFID_CARD,1,PRESENT
GTE_10644,STU1645,GATE_NORTH,2023-10-23 08:10:00,RFID_CARD,1,PRESENT
GTE_10645,STU1646,GATE_NORTH,2023-10-23 08:51:00,RFID_CARD,1,PRESENT
GTE_10647,STU1648,GATE_SOUTH,2023-10-23 09:15:00,RFID_CARD,1,PRESENT
GTE_10649,STU1650,GATE_NORTH,2023-10-23 08:27:00,RFID_CARD,1,PRESENT
GTE_10650,STU1651,GATE_NORTH,2023-10-23 08:03:00,RFID_CARD,1,PRESENT
GTE_10651,STU1652,GATE_NORTH,2023-10-23 08:01:00,RFID_CARD,1,PRESENT
GTE_10652,STU1653,GATE_SOUTH,2023-10-23 08:14:00,RFID_CARD,1,PRESENT
GTE_10653,STU1654,GATE_NORTH,2023-10-23 09:10:00,RFID_CARD,1,PRESENT
GTE_10654,STU1655,GATE_NORTH,2023-10-23 09:02:00,RFID_CARD,1,PRESENT
GTE_10657,STU1658,GATE_SOUTH,2023-10-23 07:36:00,RFID_CARD,1,PRESENT
GTE_10658,STU1659,GATE_SOUTH,2023-10-23 08:26:00,RFID_CARD,1,PRESENT
GTE_10659,STU1660,GATE_SOUTH,2023-10-23 07:51:00,RFID_CARD,1,PRESENT
GTE_10660,STU1661,GATE_SOUTH,2023-10-23 08:33:00,RFID_CARD,1,PRESENT
GTE_10661,STU1662,GATE_SOUTH,2023-10-23 08:14:00,RFID_CARD,1,PRESENT
GTE_10662,STU1663,GATE_SOUTH,2023-10-23 07:42:00,RFID_CARD,0,DENIED
GTE_10663,STU1664,GATE_NORTH,2023-10-23 09:10:00,RFID_CARD,1,PRESENT
GTE_10664,STU1665,GATE_SOUTH,2023-10-23 07:50:00,RFID_CARD,1,PRESENT
GTE_10665,STU1666,GATE_NORTH,2023-10-23 07:39:00,RFID_CARD,1,PRESENT
GTE_10666,STU1667,GATE_NORTH,2023-10-23 08:07:00,RFID_CARD,1,PRESENT
GTE_10667,STU1668,GATE_SOUTH,2023-10-23 08:10:00,RFID_CARD,1,PRESENT
GTE_10669,STU1670,GATE_NORTH,2023-10-23 07:43:00,RFID_CARD,1,PRESENT
GTE_10671,STU1672,GATE_NORTH,2023-10-23 08:13:00,RFID_CARD,1,PRESENT
GTE_10672,STU1673,GATE_SOUTH,2023-10-23 09:23:00,RFID_CARD,1,PRESENT
GTE_10674,STU1675,GATE_NORTH,2023-10-23 07:50:00,RFID_CARD,1,PRESENT
GTE_10675,STU1676,GATE_NORTH,2023-10-23 08:40:00,RFID_CARD,1,PRESENT
GTE_10676,STU1677,GATE_SOUTH,2023-10-23 08:13:00,RFID_CARD,1,PRESENT
GTE_10677,STU1678,GATE_NORTH,2023-10-23 09:00:00,RFID_CARD,1,PRESENT
GTE_10678,STU1679,GATE_NORTH,2023-10-23 08:25:00,RFID_CARD,1,PRESENT
GTE_10679,STU1680,GATE_SOUTH,2023-10-23 08:47:00,RFID_CARD,1,PRESENT
GTE_10680,STU1681,GATE_NORTH,2023-10-23 07:50:00,RFID_CARD,1,PRESENT
GTE_10681,STU1682,GATE_SOUTH,2023-10-23 07:42:00,RFID_CARD,1,PRESENT
GTE_10682,STU1683,GATE_NORTH,2023-10-23 07:56:00,RFID_CARD,1,PRESENT
GTE_10683,STU1684,GATE_SOUTH,2023-10-23 08:22:00,RFID_CARD,1,PRESENT
GTE_10684,STU1685,GATE_SOUTH,2023-10-23 08:54:00,RFID_CARD,1,PRESENT
GTE_10685,STU1686,GATE_NORTH,2023-10-23 08:08:00,RFID_CARD,1,PRESENT
GTE_10686,STU1687,GATE_NORTH,2023-10-23 07:42:00,RFID_CARD,1,PRESENT
GTE_10687,STU1688,GATE_SOUTH,2023-10-23 08:20:00,RFID_CARD,1,PRESENT
GTE_10688,STU1689,GATE_NORTH,2023-10-23 07:49:00,RFID_CARD,1,PRESENT
GTE_10689,STU1690,GATE_NORTH,2023-10-23 08:16:00,RFID_CARD,1,PRESENT
GTE_10690,STU1691,GATE_NORTH,2023-10-23 08:24:00,RFID_CARD,1,PRESENT
GTE_10691,STU1692,GATE_SOUTH,2023-10-23 08:07:00,RFID_CARD,1,PRESENT
GTE_10692,STU1693,GATE_NORTH,2023-10-23 07:55:00,RFID_CARD,1,PRESENT
GTE_10693,STU1694,GATE_NORTH,2023-10-23 07:33:00,RFID_CARD,1,PRESENT
GTE_10694,STU1695,GATE_SOUTH,2023-10-23 07:51:00,RFID_CARD,1,PRESENT
GTE_10696,STU1697,GATE_SOUTH,2023-10-23 07:40:00,RFID_CARD,1,PRESENT
GTE_10697,STU1698,GATE_NORTH,2023-10-23 09:18:00,RFID_CARD,1,PRESENT
GTE_10698,STU1699,GATE_SOUTH,2023-10-23 08:09:00,RFID_CARD,0,DENIED
GTE_10699,STU1700,GATE_SOUTH,2023-10-23 08:30:00,RFID_CARD,1,PRESENT
GTE_10700,STU1701,GATE_SOUTH,2023-10-23 09:24:00,RFID_CARD,1,PRESENT
GTE_10701,STU1702,GATE_SOUTH,2023-10-23 07:41:00,RFID_CARD,1,PRESENT
GTE_10702,STU1703,GATE_SOUTH,2023-10-23 07:53:00,RFID_CARD,1,PRESENT
GTE_10703,STU1704,GATE_SOUTH,2023-10-23 09:23:00,RFID_CARD,1,PRESENT
GTE_10704,STU1705,GATE_NORTH,2023-10-23 08:17:00,RFID_CARD,1,PRESENT
GTE_10705,STU1706,GATE_NORTH,2023-10-23 08:27:00,RFID_CARD,1,PRESENT
GTE_10706,STU1707,GATE_SOUTH,2023-10-23 08:03:00,RFID_CARD,1,PRESENT
GTE_10707,STU1708,GATE_SOUTH,2023-10-23 08:29:00,RFID_CARD,1,PRESENT
GTE_10708,STU1709,GATE_SOUTH,2023-10-23 07:58:00,RFID_CARD,1,PRESENT
GTE_10709,STU1710,GATE_NORTH,2023-10-23 08:42:00,RFID_CARD,1,PRESENT
GTE_10710,STU1711,GATE_NORTH,2023-10-23 07:49:00,RFID_CARD,1,PRESENT
GTE_10711,STU1712,GATE_SOUTH,2023-10-23 07:40:00,RFID_CARD,1,PRESENT
GTE_10712,STU1713,GATE_SOUTH,2023-10-23 09:13:00,RFID_CARD,1,PRESENT
GTE_10713,STU1714,GATE_NORTH,2023-10-23 09:06:00,RFID_CARD,1,PRESENT
GTE_10714,STU1715,GATE_NORTH,2023-10-23 08:40:00,RFID_CARD,1,PRESENT
GTE_10715,STU1716,GATE_SOUTH,2023-10-23 09:17:00,RFID_CARD,1,PRESENT
GTE_10716,STU1717,GATE_SOUTH,2023-10-23 09:14:00,RFID_CARD,1,PRESENT
GTE_10717,STU1718,GATE_SOUTH,2023-10-23 08:38:00,RFID_CARD,1,PRESENT
GTE_10718,STU1719,GATE_NORTH,2023-10-23 08:43:00,RFID_CARD,1,PRESENT
GTE_10719,STU1720,GATE_SOUTH,2023-10-23 08:30:00,RFID_CARD,1,PRESENT
GTE_10720,STU1721,GATE_SOUTH,2023-10-23 07:40:00,RFID_CARD,1,PRESENT
GTE_10722,STU1723,GATE_NORTH,2023-10-23 09:25:00,RFID_CARD,0,DENIED
GTE_10723,STU1724,GATE_NORTH,2023-10-23 08:34:00,RFID_CARD,1,PRESENT
GTE_10724,STU1725,GATE_SOUTH,2023-10-23 07:45:00,RFID_CARD,1,PRESENT
GTE_10725,STU1726,GATE_NORTH,2023-10-23 07:52:00,RFID_CARD,1,PRESENT
GTE_10726,STU1727,GATE_NORTH,2023-10-23 07:57:00,RFID_CARD,1,PRESENT
GTE_10729,STU1730,GATE_NORTH,2023-10-23 07:46:00,RFID_CARD,1,PRESENT
GTE_10730,STU1731,GATE_NORTH,2023-10-23 08:24:00,RFID_CARD,1,PRESENT
GTE_10731,STU1732,GATE_SOUTH,2023-10-23 08:57:00,RFID_CARD,1,PRESENT
GTE_10732,STU1733,GATE_NORTH,2023-10-23 07:55:00,RFID_CARD,1,PRESENT
GTE_10733,STU1734,GATE_SOUTH,2023-10-23 09:16:00,RFID_CARD,1,PRESENT
GTE_10734,STU1735,GATE_NORTH,2023-10-23 08:10:00,RFID_CARD,1,PRESENT
GTE_10735,STU1736,GATE_SOUTH,2023-10-23 07:41:00,RFID_CARD,0,DENIED
GTE_10736,STU1737,GATE_SOUTH,2023-10-23 08:41:00,RFID_CARD,1,PRESENT
GTE_10737,STU1738,GATE_SOUTH,2023-10-23 08:40:00,RFID_CARD,1,PRESENT
GTE_10738,STU1739,GATE_SOUTH,2023-10-23 09:19:00,RFID_CARD,1,PRESENT
GTE_10741,STU1742,GATE_SOUTH,2023-10-23 08:36:00,RFID_CARD,1,PRESENT
GTE_10742,STU1743,GATE_NORTH,2023-10-23 09:27:00,RFID_CARD,1,PRESENT
GTE_10743,STU1744,GATE_SOUTH,2023-10-23 09:10:00,RFID_CARD,1,PRESENT
GTE_10744,STU1745,GATE_SOUTH,2023-10-23 07:44:00,RFID_CARD,1,PRESENT
GTE_10745,STU1746,GATE_NORTH,2023-10-23 07:49:00,RFID_CARD,1,PRESENT
GTE_10747,STU1748,GATE_NORTH,2023-10-23 08:42:00,RFID_CARD,1,PRESENT
GTE_10749,STU1750,GATE_NORTH,2023-10-23 09:28:00,RFID_CARD,1,PRESENT
GTE_10750,STU1751,GATE_NORTH,2023-10-23 08:42:00,RFID_CARD,1,PRESENT
GTE_10752,STU1753,GATE_SOUTH,2023-10-23 09:10:00,RFID_CARD,1,PRESENT
GTE_10753,STU1754,GATE_SOUTH,2023-10-23 09:21:00,RFID_CARD,1,PRESENT
GTE_10754,STU1755,GATE_SOUTH,2023-10-23 09:22:00,RFID_CARD,1,PRESENT
GTE_10756,STU1757,GATE_SOUTH,2023-10-23 08:03:00,RFID_CARD,1,PRESENT
GTE_10757,STU1758,GATE_SOUTH,2023-10-23 08:53:00,RFID_CARD,1,PRESENT
GTE_10758,STU1759,GATE_SOUTH,2023-10-23 08:43:00,RFID_CARD,1,PRESENT
GTE_10759,STU1760,GATE_NORTH,2023-10-23 07:34:00,RFID_CARD,1,PRESENT
GTE_10760,STU1761,GATE_SOUTH,2023-10-23 08:05:00,RFID_CARD,1,PRESENT
GTE_10761,STU1762,GATE_SOUTH,2023-10-23 07:48:00,RFID_CARD,1,PRESENT
GTE_10762,STU1763,GATE_SOUTH,2023-10-23 07:34:00,RFID_CARD,1,PRESENT
GTE_10763,STU1764,GATE_SOUTH,2023-10-23 09:23:00,RFID_CARD,1,PRESENT
GTE_10764,STU1765,GATE_NORTH,2023-10-23 08:58:00,RFID_CARD,1,PRESENT
GTE_10765,STU1766,GATE_SOUTH,2023-10-23 07:36:00,RFID_CARD,1,PRESENT
GTE_10766,STU1767,GATE_SOUTH,2023-10-23 09:27:00,RFID_CARD,1,PRESENT
GTE_10767,STU1768,GATE_SOUTH,2023-10-23 09:24:00,RFID_CARD,1,PRESENT
GTE_10768,STU1769,GATE_SOUTH,2023-10-23 07:32:00,RFID_CARD,1,PRESENT
GTE_10770,STU1771,GATE_SOUTH,2023-10-23 09:14:00,RFID_CARD,1,PRESENT
GTE_10771,STU1772,GATE_SOUTH,2023-10-23 08:09:00,RFID_CARD,1,PRESENT
GTE_10772,STU1773,GATE_SOUTH,2023-10-23 09:17:00,RFID_CARD,1,PRESENT
GTE_10773,STU1774,GATE_NORTH,2023-10-23 09:19:00,RFID_CARD,1,PRESENT
GTE_10774,STU1775,GATE_NORTH,2023-10-23 09:21:00,RFID_CARD,1,PRESENT
GTE_10775,STU1776,GATE_SOUTH,2023-10-23 07:47:00,RFID_CARD,1,PRESENT
GTE_10776,STU1777,GATE_SOUTH,2023-10-23 09:05:00,RFID_CARD,1,PRESENT
GTE_10779,STU1780,GATE_SOUTH,2023-10-23 09:09:00,RFID_CARD,1,PRESENT
GTE_10780,STU1781,GATE_SOUTH,2023-10-23 08:04:00,RFID_CARD,1,PRESENT
GTE_10781,STU1782,GATE_NORTH,2023-10-23 08:47:00,RFID_CARD,1,PRESENT
GTE_10782,STU1783,GATE_SOUTH,2023-10-23 07:54:00,RFID_CARD,1,PRESENT
GTE_10783,STU1784,GATE_SOUTH,2023-10-23 07:57:00,RFID_CARD,1,PRESENT
GTE_10784,STU1785,GATE_SOUTH,2023-10-23 09:04:00,RFID_CARD,1,PRESENT
GTE_10785,STU1786,GATE_SOUTH,2023-10-23 09:07:00,RFID_CARD,1,PRESENT
GTE_10787,STU1788,GATE_NORTH,2023-10-23 09:15:00,RFID_CARD,1,PRESENT
GTE_10788,STU1789,GATE_NORTH,2023-10-23 08:35:00,RFID_CARD,1,PRESENT
GTE_10789,STU1790,GATE_SOUTH,2023-10-23 07:38:00,RFID_CARD,1,PRESENT
GTE_10790,STU1791,GATE_SOUTH,2023-10-23 09:00:00,RFID_CARD,1,PRESENT
GTE_10791,STU1792,GATE_NORTH,2023-10-23 07:47:00,RFID_CARD,1,PRESENT
GTE_10792,STU1793,GATE_NORTH,2023-10-23 07:52:00,RFID_CARD,1,PRESENT
GTE_10793,STU1794,GATE_NORTH,2023-10-23 09:22:00,RFID_CARD,1,PRESENT
GTE_10795,STU1796,GATE_NORTH,2023-10-23 09:17:00,RFID_CARD,1,PRESENT
GTE_10796,STU1797,GATE_NORTH,2023-10-23 08:01:00,RFID_CARD,1,PRESENT
GTE_10797,STU1798,GATE_NORTH,2023-10-23 08:28:00,RFID_CARD,1,PRESENT
GTE_10798,STU1799,GATE_SOUTH,2023-10-23 09:27:00,RFID_CARD,1,PRESENT
GTE_10800,STU1801,GATE_NORTH,2023-10-23 09:00:00,RFID_CARD,0,DENIED
GTE_10801,STU1802,GATE_SOUTH,2023-10-23 08:05:00,RFID_CARD,1,PRESENT
GTE_10802,STU1803,GATE_SOUTH,2023-10-23 09:15:00,RFID_CARD,1,PRESENT
GTE_10803,STU1804,GATE_SOUTH,2023-10-23 08:34:00,RFID_CARD,1,PRESENT
GTE_10804,STU1805,GATE_NORTH,2023-10-23 08:51:00,RFID_CARD,1,PRESENT
GTE_10805,STU1806,GATE_NORTH,2023-10-23 08:57:00,RFID_CARD,1,PRESENT
GTE_10806,STU1807,GATE_SOUTH,2023-10-23 08:00:00,RFID_CARD,1,PRESENT
GTE_10807,STU1808,GATE_SOUTH,2023-10-23 08:32:00,RFID_CARD,1,PRESENT
GTE_10808,STU1809,GATE_SOUTH,2023-10-23 07:52:00,RFID_CARD,1,PRESENT
GTE_10809,STU1810,GATE_SOUTH,2023-10-23 08:45:00,RFID_CARD,1,PRESENT
GTE_10810,STU1811,GATE_NORTH,2023-10-23 08:14:00,RFID_CARD,1,PRESENT
GTE_10811,STU1812,GATE_SOUTH,2023-10-23 09:17:00,RFID_CARD,1,PRESENT
GTE_10812,STU1813,GATE_NORTH,2023-10-23 09:05:00,RFID_CARD,1,PRESENT
GTE_10813,STU1814,GATE_NORTH,2023-10-23 08:06:00,RFID_CARD,1,PRESENT
GTE_10814,STU1815,GATE_NORTH,2023-10-23 08:19:00,RFID_CARD,1,PRESENT
GTE_10815,STU1816,GATE_NORTH,2023-10-23 07:50:00,RFID_CARD,1,PRESENT
GTE_10816,STU1817,GATE_NORTH,2023-10-23 09:19:00,RFID_CARD,1,PRESENT
GTE_10818,STU1819,GATE_NORTH,2023-10-23 08:52:00,RFID_CARD,1,PRESENT
GTE_10819,STU1820,GATE_NORTH,2023-10-23 08:56:00,RFID_CARD,1,PRESENT
GTE_10820,STU1821,GATE_SOUTH,2023-10-23 08:04:00,RFID_CARD,1,PRESENT
GTE_10821,STU1822,GATE_NORTH,2023-10-23 08:35:00,RFID_CARD,1,PRESENT
GTE_10822,STU1823,GATE_NORTH,2023-10-23 09:20:00,RFID_CARD,1,PRESENT
GTE_10823,STU1824,GATE_NORTH,2023-10-23 08:30:00,RFID_CARD,1,PRESENT
GTE_10825,STU1826,GATE_NORTH,2023-10-23 08:52:00,RFID_CARD,1,PRESENT
GTE_10826,STU1827,GATE_NORTH,2023-10-23 08:46:00,RFID_CARD,1,PRESENT
GTE_10828,STU1829,GATE_SOUTH,2023-10-23 07:58:00,RFID_CARD,1,PRESENT
GTE_10829,STU1830,GATE_SOUTH,2023-10-23 08:47:00,RFID_CARD,1,PRESENT
GTE_10830,STU1831,GATE_SOUTH,2023-10-23 09:01:00,RFID_CARD,1,PRESENT
GTE_10831,STU1832,GATE_SOUTH,2023-10-23 08:24:00,RFID_CARD,1,PRESENT
GTE_10832,STU1833,GATE_SOUTH,2023-10-23 09:19:00,RFID_CARD,1,PRESENT
GTE_10833,STU1834,GATE_SOUTH,2023-10-23 08:28:00,RFID_CARD,1,PRESENT
GTE_10834,STU1835,GATE_SOUTH,2023-10-23 07:57:00,RFID_CARD,1,PRESENT
GTE_10835,STU1836,GATE_SOUTH,2023-10-23 08:08:00,RFID_CARD,1,PRESENT
GTE_10836,STU1837,GATE_NORTH,2023-10-23 08:44:00,RFID_CARD,1,PRESENT
GTE_10837,STU1838,GATE_SOUTH,2023-10-23 07:30:00,RFID_CARD,1,PRESENT
GTE_10838,STU1839,GATE_SOUTH,2023-10-23 08:41:00,RFID_CARD,1,PRESENT
GTE_10839,STU1840,GATE_NORTH,2023-10-23 08:08:00,RFID_CARD,1,PRESENT
GTE_10840,STU1841,GATE_NORTH,2023-10-23 08:31:00,RFID_CARD,1,PRESENT
GTE_10842,STU1843,GATE_SOUTH,2023-10-23 08:13:00,RFID_CARD,1,PRESENT
GTE_10843,STU1844,GATE_SOUTH,2023-10-23 08:51:00,RFID_CARD,1,PRESENT
GTE_10844,STU1845,GATE_SOUTH,2023-10-23 09:20:00,RFID_CARD,1,PRESENT
GTE_10845,STU1846,GATE_SOUTH,2023-10-23 08:03:00,RFID_CARD,1,PRESENT
GTE_10847,STU1848,GATE_NORTH,2023-10-23 07:54:00,RFID_CARD,1,PRESENT
GTE_10848,STU1849,GATE_NORTH,2023-10-23 08:36:00,RFID_CARD,1,PRESENT
GTE_10849,STU1850,GATE_NORTH,2023-10-23 09:25:00,RFID_CARD,1,PRESENT
GTE_10850,STU1851,GATE_SOUTH,2023-10-23 09:13:00,RFID_CARD,1,PRESENT
GTE_10851,STU1852,GATE_SOUTH,2023-10-23 08:54:00,RFID_CARD,1,PRESENT
GTE_10852,STU1853,GATE_NORTH,2023-10-23 08:57:00,RFID_CARD,1,PRESENT
GTE_10853,STU1854,GATE_NORTH,2023-10-23 09:02:00,RFID_CARD,1,PRESENT
GTE_10854,STU1855,GATE_SOUTH,2023-10-23 08:53:00,RFID_CARD,1,PRESENT
GTE_10855,STU1856,GATE_SOUTH,2023-10-23 08:07:00,RFID_CARD,1,PRESENT
GTE_10856,STU1857,GATE_SOUTH,2023-10-23 09:26:00,RFID_CARD,1,PRESENT
GTE_10857,STU1858,GATE_SOUTH,2023-10-23 08:21:00,RFID_CARD,1,PRESENT
GTE_10858,STU1859,GATE_NORTH,2023-10-23 09:04:00,RFID_CARD,1,PRESENT
GTE_10859,STU1860,GATE_NORTH,2023-10-23 08:44:00,RFID_CARD,1,PRESENT
GTE_10860,STU1861,GATE_NORTH,2023-10-23 08:13:00,RFID_CARD,1,PRESENT
GTE_10861,STU1862,GATE_SOUTH,2023-10-23 08:57:00,RFID_CARD,1,PRESENT
GTE_10863,STU1864,GATE_SOUTH,2023-10-23 09:26:00,RFID_CARD,1,PRESENT
GTE_10864,STU1865,GATE_SOUTH,2023-10-23 08:34:00,RFID_CARD,1,PRESENT
GTE_10865,STU1866,GATE_NORTH,2023-10-23 09:18:00,RFID_CARD,1,PRESENT
GTE_10867,STU1868,GATE_NORTH,2023-10-23 09:17:00,RFID_CARD,1,PRESENT
GTE_10868,STU1869,GATE_NORTH,2023-10-23 08:07:00,RFID_CARD,1,PRESENT
GTE_10869,STU1870,GATE_NORTH,2023-10-23 08:30:00,RFID_CARD,1,PRESENT
GTE_10870,STU1871,GATE_SOUTH,2023-10-23 09:04:00,RFID_CARD,1,PRESENT
GTE_10871,STU1872,GATE_NORTH,2023-10-23 09:02:00,RFID_CARD,1,PRESENT
GTE_10872,STU1873,GATE_SOUTH,2023-10-23 08:57:00,RFID_CARD,1,PRESENT
GTE_10873,STU1874,GATE_NORTH,2023-10-23 08:53:00,RFID_CARD,1,PRESENT
GTE_10874,STU1875,GATE_SOUTH,2023-10-23 07:58:00,RFID_CARD,1,PRESENT
GTE_10875,STU1876,GATE_SOUTH,2023-10-23 07:58:00,RFID_CARD,1,PRESENT
GTE_10877,STU1878,GATE_SOUTH,2023-10-23 08:23:00,RFID_CARD,1,PRESENT
GTE_10878,STU1879,GATE_SOUTH,2023-10-23 08:17:00,RFID_CARD,1,PRESENT
GTE_10879,STU1880,GATE_SOUTH,2023-10-23 08:44:00,RFID_CARD,0,DENIED
GTE_10880,STU1881,GATE_NORTH,2023-10-23 08:29:00,RFID_CARD,1,PRESENT
GTE_10881,STU1882,GATE_NORTH,2023-10-23 08:30:00,RFID_CARD,1,PRESENT
GTE_10882,STU1883,GATE_NORTH,2023-10-23 09:20:00,RFID_CARD,1,PRESENT
GTE_10884,STU1885,GATE_NORTH,2023-10-23 08:30:00,RFID_CARD,1,PRESENT
GTE_10885,STU1886,GATE_NORTH,2023-10-23 08:34:00,RFID_CARD,1,PRESENT
GTE_10886,STU1887,GATE_SOUTH,2023-10-23 09:21:00,RFID_CARD,1,PRESENT
GTE_10887,STU1888,GATE_SOUTH,2023-10-23 08:37:00,RFID_CARD,1,PRESENT
GTE_10888,STU1889,GATE_NORTH,2023-10-23 08:22:00,RFID_CARD,1,PRESENT
GTE_10890,STU1891,GATE_NORTH,2023-10-23 09:21:00,RFID_CARD,1,PRESENT
GTE_10891,STU1892,GATE_NORTH,2023-10-23 07:47:00,RFID_CARD,0,DENIED
GTE_10893,STU1894,GATE_SOUTH,2023-10-23 08:13:00,RFID_CARD,1,PRESENT
GTE_10894,STU1895,GATE_SOUTH,2023-10-23 08:42:00,RFID_CARD,1,PRESENT
GTE_10895,STU1896,GATE_SOUTH,2023-10-23 07:48:00,RFID_CARD,1,PRESENT
GTE_10896,STU1897,GATE_NORTH,2023-10-23 09:20:00,RFID_CARD,1,PRESENT
GTE_10897,STU1898,GATE_NORTH,2023-10-23 09:09:00,RFID_CARD,1,PRESENT
GTE_10898,STU1899,GATE_SOUTH,2023-10-23 08:32:00,RFID_CARD,1,PRESENT
GTE_10899,STU1900,GATE_NORTH,2023-10-23 08:50:00,RFID_CARD,1,PRESENT
GTE_10900,STU1901,GATE_NORTH,2023-10-23 08:10:00,RFID_CARD,1,PRESENT
GTE_10901,STU1902,GATE_SOUTH,2023-10-23 07:30:00,RFID_CARD,1,PRESENT
GTE_10902,STU1903,GATE_NORTH,2023-10-23 08:05:00,RFID_CARD,1,PRESENT
GTE_10903,STU1904,GATE_NORTH,2023-10-23 09:07:00,RFID_CARD,1,PRESENT
GTE_10905,STU1906,GATE_NORTH,2023-10-23 08:43:00,RFID_CARD,0,DENIED
GTE_10907,STU1908,GATE_NORTH,2023-10-23 08:32:00,RFID_CARD,1,PRESENT
GTE_10908,STU1909,GATE_SOUTH,2023-10-23 07:46:00,RFID_CARD,1,PRESENT
GTE_10909,STU1910,GATE_SOUTH,2023-10-23 08:51:00,RFID_CARD,1,PRESENT
GTE_10911,STU1912,GATE_SOUTH,2023-10-23 08:21:00,RFID_CARD,1,PRESENT
GTE_10912,STU1913,GATE_SOUTH,2023-10-23 08:31:00,RFID_CARD,1,PRESENT
GTE_10913,STU1914,GATE_NORTH,2023-10-23 07:30:00,RFID_CARD,1,PRESENT
GTE_10914,STU1915,GATE_NORTH,2023-10-23 08:38:00,RFID_CARD,1,PRESENT
GTE_10916,STU1917,GATE_SOUTH,2023-10-23 09:03:00,RFID_CARD,1,PRESENT
GTE_10917,STU1918,GATE_SOUTH,2023-10-23 07:31:00,RFID_CARD,1,PRESENT
GTE_10919,STU1920,GATE_NORTH,2023-10-23 09:06:00,RFID_CARD,1,PRESENT
GTE_10920,STU1921,GATE_NORTH,2023-10-23 07:32:00,RFID_CARD,1,PRESENT
GTE_10921,STU1922,GATE_NORTH,2023-10-23 08:50:00,RFID_CARD,1,PRESENT
GTE_10922,STU1923,GATE_SOUTH,2023-10-23 07:58:00,RFID_CARD,1,PRESENT
GTE_10923,STU1924,GATE_NORTH,2023-10-23 08:09:00,RFID_CARD,1,PRESENT
GTE_10924,STU1925,GATE_SOUTH,2023-10-23 07:43:00,RFID_CARD,1,PRESENT
GTE_10925,STU1926,GATE_SOUTH,2023-10-23 08:34:00,RFID_CARD,1,PRESENT
GTE_10926,STU1927,GATE_NORTH,2023-10-23 07:51:00,RFID_CARD,1,PRESENT
GTE_10927,STU1928,GATE_NORTH,2023-10-23 09:15:00,RFID_CARD,1,PRESENT
GTE_10928,STU1929,GATE_SOUTH,2023-10-23 08:08:00,RFID_CARD,1,PRESENT
GTE_10929,STU1930,GATE_SOUTH,2023-10-23 08:28:00,RFID_CARD,1,PRESENT
GTE_10930,STU1931,GATE_NORTH,2023-10-23 08:25:00,RFID_CARD,1,PRESENT
GTE_10931,STU1932,GATE_SOUTH,2023-10-23 08:13:00,RFID_CARD,1,PRESENT
GTE_10932,STU1933,GATE_NORTH,2023-10-23 08:15:00,RFID_CARD,1,PRESENT
GTE_10934,STU1935,GATE_SOUTH,2023-10-23 07:51:00,RFID_CARD,1,PRESENT
GTE_10936,STU1937,GATE_NORTH,2023-10-23 07:32:00,RFID_CARD,1,PRESENT
GTE_10937,STU1938,GATE_NORTH,2023-10-23 07:58:00,RFID_CARD,1,PRESENT
GTE_10938,STU1939,GATE_NORTH,2023-10-23 07:57:00,RFID_CARD,1,PRESENT
GTE_10939,STU1940,GATE_NORTH,2023-10-23 08:45:00,RFID_CARD,1,PRESENT
GTE_10941,STU1942,GATE_SOUTH,2023-10-23 07:45:00,RFID_CARD,1,PRESENT
GTE_10942,STU1943,GATE_NORTH,2023-10-23 09:01:00,RFID_CARD,1,PRESENT
GTE_10943,STU1944,GATE_SOUTH,2023-10-23 08:18:00,RFID_CARD,1,PRESENT
GTE_10944,STU1945,GATE_NORTH,2023-10-23 09:08:00,RFID_CARD,1,PRESENT
GTE_10945,STU1946,GATE_NORTH,2023-10-23 08:46:00,RFID_CARD,1,PRESENT
GTE_10946,STU1947,GATE_NORTH,2023-10-23 08:54:00,RFID_CARD,1,PRESENT
GTE_10947,STU1948,GATE_NORTH,2023-10-23 08:53:00,RFID_CARD,1,PRESENT
GTE_10948,STU1949,GATE_NORTH,2023-10-23 07:36:00,RFID_CARD,1,PRESENT
GTE_10949,STU1950,GATE_SOUTH,2023-10-23 08:23:00,RFID_CARD,1,PRESENT
GTE_10950,STU1951,GATE_NORTH,2023-10-23 08:18:00,RFID_CARD,1,PRESENT
GTE_10951,STU1952,GATE_SOUTH,2023-10-23 08:40:00,RFID_CARD,1,PRESENT
GTE_10952,STU1953,GATE_NORTH,2023-10-23 08:30:00,RFID_CARD,1,PRESENT
GTE_10953,STU1954,GATE_NORTH,2023-10-23 07:56:00,RFID_CARD,1,PRESENT
GTE_10955,STU1956,GATE_SOUTH,2023-10-23 08:08:00,RFID_CARD,1,PRESENT
GTE_10956,STU1957,GATE_NORTH,2023-10-23 08:54:00,RFID_CARD,1,PRESENT
GTE_10957,STU1958,GATE_SOUTH,2023-10-23 08:54:00,RFID_CARD,1,PRESENT
GTE_10958,STU1959,GATE_NORTH,2023-10-23 08:49:00,RFID_CARD,1,PRESENT
GTE_10959,STU1960,GATE_NORTH,2023-10-23 08:23:00,RFID_CARD,1,PRESENT
GTE_10960,STU1961,GATE_NORTH,2023-10-23 08:35:00,RFID_CARD,1,PRESENT
GTE_10961,STU1962,GATE_NORTH,2023-10-23 08:06:00,RFID_CARD,1,PRESENT
GTE_10962,STU1963,GATE_NORTH,2023-10-23 09:10:00,RFID_CARD,1,PRESENT
GTE_10963,STU1964,GATE_NORTH,2023-10-23 08:33:00,RFID_CARD,1,PRESENT
GTE_10965,STU1966,GATE_NORTH,2023-10-23 08:47:00,RFID_CARD,1,PRESENT
GTE_10966,STU1967,GATE_SOUTH,2023-10-23 09:09:00,RFID_CARD,1,PRESENT
GTE_10967,STU1968,GATE_NORTH,2023-10-23 09:16:00,RFID_CARD,1,PRESENT
GTE_10968,STU1969,GATE_SOUTH,2023-10-23 08:15:00,RFID_CARD,1,PRESENT
GTE_10969,STU1970,GATE_NORTH,2023-10-23 08:07:00,RFID_CARD,1,PRESENT
GTE_10970,STU1971,GATE_SOUTH,2023-10-23 07:35:00,RFID_CARD,1,PRESENT
GTE_10971,STU1972,GATE_NORTH,2023-10-23 09:26:00,RFID_CARD,1,PRESENT
GTE_10972,STU1973,GATE_SOUTH,2023-10-23 08:58:00,RFID_CARD,1,PRESENT
GTE_10973,STU1974,GATE_NORTH,2023-10-23 08:12:00,RFID_CARD,1,PRESENT
GTE_10974,STU1975,GATE_NORTH,2023-10-23 07:30:00,RFID_CARD,1,PRESENT
GTE_10975,STU1976,GATE_NORTH,2023-10-23 08:55:00,RFID_CARD,1,PRESENT
GTE_10976,STU1977,GATE_NORTH,2023-10-23 09:26:00,RFID_CARD,1,PRESENT
GTE_10977,STU1978,GATE_SOUTH,2023-10-23 09:16:00,RFID_CARD,1,PRESENT
GTE_10979,STU1980,GATE_NORTH,2023-10-23 07:49:00,RFID_CARD,1,PRESENT
GTE_10980,STU1981,GATE_NORTH,2023-10-23 09:09:00,RFID_CARD,1,PRESENT
GTE_10981,STU1982,GATE_NORTH,2023-10-23 09:02:00,RFID_CARD,1,PRESENT
GTE_10982,STU1983,GATE_SOUTH,2023-10-23 09:25:00,RFID_CARD,1,PRESENT
GTE_10983,STU1984,GATE_NORTH,2023-10-23 08:52:00,RFID_CARD,1,PRESENT
GTE_10984,STU1985,GATE_SOUTH,2023-10-23 08:28:00,RFID_CARD,1,PRESENT
GTE_10985,STU1986,GATE_SOUTH,2023-10-23 08:03:00,RFID_CARD,1,PRESENT
GTE_10987,STU1988,GATE_NORTH,2023-10-23 07:36:00,RFID_CARD,1,PRESENT
GTE_10988,STU1989,GATE_NORTH,2023-10-23 09:14:00,RFID_CARD,1,PRESENT
GTE_10989,STU1990,GATE_NORTH,2023-10-23 09:21:00,RFID_CARD,1,PRESENT
GTE_10990,STU1991,GATE_SOUTH,2023-10-23 09:19:00,RFID_CARD,1,PRESENT
GTE_10991,STU1992,GATE_SOUTH,2023-10-23 08:16:00,RFID_CARD,1,PRESENT
GTE_10992,STU1993,GATE_NORTH,2023-10-23 08:24:00,RFID_CARD,1,PRESENT
GTE_10993,STU1994,GATE_NORTH,2023-10-23 07:42:00,RFID_CARD,1,PRESENT
GTE_10995,STU1996,GATE_NORTH,2023-10-23 07:31:00,RFID_CARD,1,PRESENT
GTE_10996,STU1997,GATE_NORTH,2023-10-23 08:54:00,RFID_CARD,1,PRESENT
GTE_10997,STU1998,GATE_SOUTH,2023-10-23 08:12:00,RFID_CARD,1,PRESENT
GTE_10998,STU1999,GATE_SOUTH,2023-10-23 09:24:00,RFID_CARD,1,PRESENT
GTE_10999,STU2000,GATE_SOUTH,2023-10-23 08:49:00,RFID_CARD,1,PRESENT
GTE_11000,STU2001,GATE_NORTH,2023-10-23 09:22:00,RFID_CARD,1,PRESENT
GTE_11001,STU2002,GATE_SOUTH,2023-10-23 08:17:00,RFID_CARD,1,PRESENT
GTE_11002,STU2003,GATE_NORTH,2023-10-23 07:53:00,RFID_CARD,1,PRESENT
GTE_11003,STU2004,GATE_SOUTH,2023-10-23 08:21:00,RFID_CARD,1,PRESENT
GTE_11004,STU2005,GATE_SOUTH,2023-10-23 08:28:00,RFID_CARD,1,PRESENT
GTE_11005,STU2006,GATE_SOUTH,2023-10-23 09:16:00,RFID_CARD,1,PRESENT
GTE_11006,STU2007,GATE_SOUTH,2023-10-23 08:58:00,RFID_CARD,1,PRESENT
GTE_11007,STU2008,GATE_SOUTH,2023-10-23 09:12:00,RFID_CARD,1,PRESENT
GTE_11008,STU2009,GATE_NORTH,2023-10-23 08:53:00,RFID_CARD,1,PRESENT
GTE_11009,STU2010,GATE_NORTH,2023-10-23 07:44:00,RFID_CARD,1,PRESENT
GTE_11010,STU2011,GATE_NORTH,2023-10-23 08:59:00,RFID_CARD,1,PRESENT
GTE_11011,STU2012,GATE_NORTH,2023-10-23 09:30:00,RFID_CARD,0,DENIED
GTE_11013,STU2014,GATE_SOUTH,2023-10-23 07:43:00,RFID_CARD,1,PRESENT
GTE_11014,STU2015,GATE_SOUTH,2023-10-23 09:26:00,RFID_CARD,1,PRESENT
GTE_11015,STU2016,GATE_SOUTH,2023-10-23 09:12:00,RFID_CARD,1,PRESENT
GTE_11016,STU2017,GATE_SOUTH,2023-10-23 07:53:00,RFID_CARD,1,PRESENT
GTE_11017,STU2018,GATE_SOUTH,2023-10-23 09:09:00,RFID_CARD,1,PRESENT
GTE_11018,STU2019,GATE_NORTH,2023-10-23 08:48:00,RFID_CARD,1,PRESENT
GTE_11019,STU2020,GATE_NORTH,2023-10-23 09:20:00,RFID_CARD,1,PRESENT
GTE_11020,STU2021,GATE_SOUTH,2023-10-23 08:31:00,RFID_CARD,1,PRESENT
GTE_11021,STU2022,GATE_SOUTH,2023-10-23 07:44:00,RFID_CARD,1,PRESENT
GTE_11022,STU2023,GATE_NORTH,2023-10-23 08:26:00,RFID_CARD,1,PRESENT
GTE_11023,STU2024,GATE_SOUTH,2023-10-23 07:38:00,RFID_CARD,1,PRESENT
GTE_11024,STU2025,GATE_SOUTH,2023-10-23 08:53:00,RFID_CARD,0,DENIED
GTE_11025,STU2026,GATE_NORTH,2023-10-23 07:31:00,RFID_CARD,1,PRESENT
GTE_11026,STU2027,GATE_SOUTH,2023-10-23 08:55:00,RFID_CARD,1,PRESENT
GTE_11027,STU2028,GATE_NORTH,2023-10-23 08:36:00,RFID_CARD,1,PRESENT
GTE_11028,STU2029,GATE_NORTH,2023-10-23 08:25:00,RFID_CARD,1,PRESENT
GTE_11029,STU2030,GATE_SOUTH,2023-10-23 08:31:00,RFID_CARD,1,PRESENT
GTE_11030,STU2031,GATE_SOUTH,2023-10-23 08:54:00,RFID_CARD,1,PRESENT
GTE_11031,STU2032,GATE_NORTH,2023-10-23 07:49:00,RFID_CARD,1,PRESENT
GTE_11032,STU2033,GATE_NORTH,2023-10-23 07:31:00,RFID_CARD,1,PRESENT
GTE_11034,STU2035,GATE_SOUTH,2023-10-23 08:34:00,RFID_CARD,1,PRESENT
GTE_11035,STU2036,GATE_SOUTH,2023-10-23 09:19:00,RFID_CARD,1,PRESENT
GTE_11038,STU2039,GATE_NORTH,2023-10-23 09:21:00,RFID_CARD,1,PRESENT
GTE_11039,STU2040,GATE_SOUTH,2023-10-23 07:39:00,RFID_CARD,1,PRESENT
GTE_11040,STU2041,GATE_NORTH,2023-10-23 08:11:00,RFID_CARD,1,PRESENT
GTE_11041,STU2042,GATE_SOUTH,2023-10-23 08:12:00,RFID_CARD,1,PRESENT
GTE_11042,STU2043,GATE_NORTH,2023-10-23 07:36:00,RFID_CARD,1,PRESENT
GTE_11043,STU2044,GATE_SOUTH,2023-10-23 08:40:00,RFID_CARD,1,PRESENT
GTE_11044,STU2045,GATE_NORTH,2023-10-23 08:21:00,RFID_CARD,1,PRESENT
GTE_11045,STU2046,GATE_SOUTH,2023-10-23 07:40:00,RFID_CARD,1,PRESENT
GTE_11046,STU2047,GATE_SOUTH,2023-10-23 08:26:00,RFID_CARD,1,PRESENT
GTE_11047,STU2048,GATE_SOUTH,2023-10-23 07:41:00,RFID_CARD,1,PRESENT
GTE_11048,STU2049,GATE_SOUTH,2023-10-23 08:27:00,RFID_CARD,1,PRESENT
GTE_11049,STU2050,GATE_SOUTH,2023-10-23 07:45:00,RFID_CARD,1,PRESENT
GTE_11050,STU2051,GATE_NORTH,2023-10-23 09:05:00,RFID_CARD,1,PRESENT
GTE_11051,STU2052,GATE_SOUTH,2023-10-23 07:43:00,RFID_CARD,1,PRESENT
GTE_11052,STU2053,GATE_NORTH,2023-10-23 08:22:00,RFID_CARD,1,PRESENT
GTE_11053,STU2054,GATE_NORTH,2023-10-23 08:41:00,RFID_CARD,1,PRESENT
GTE_11054,STU2055,GATE_NORTH,2023-10-23 09:15:00,RFID_CARD,1,PRESENT
GTE_11055,STU2056,GATE_SOUTH,2023-10-23 09:11:00,RFID_CARD,1,PRESENT
GTE_11056,STU2057,GATE_NORTH,2023-10-23 09:23:00,RFID_CARD,1,PRESENT
GTE_11057,STU2058,GATE_SOUTH,2023-10-23 08:53:00,RFID_CARD,1,PRESENT
GTE_11058,STU2059,GATE_SOUTH,2023-10-23 08:13:00,RFID_CARD,0,DENIED
GTE_11060,STU2061,GATE_NORTH,2023-10-23 09:15:00,RFID_CARD,1,PRESENT
GTE_11061,STU2062,GATE_NORTH,2023-10-23 09:14:00,RFID_CARD,1,PRESENT
GTE_11062,STU2063,GATE_SOUTH,2023-10-23 09:18:00,RFID_CARD,1,PRESENT
GTE_11063,STU2064,GATE_SOUTH,2023-10-23 08:12:00,RFID_CARD,1,PRESENT
GTE_11064,STU2065,GATE_SOUTH,2023-10-23 09:01:00,RFID_CARD,1,PRESENT
GTE_11065,STU2066,GATE_SOUTH,2023-10-23 09:01:00,RFID_CARD,1,PRESENT
GTE_11066,STU2067,GATE_NORTH,2023-10-23 07:44:00,RFID_CARD,1,PRESENT
GTE_11067,STU2068,GATE_NORTH,2023-10-23 09:07:00,RFID_CARD,1,PRESENT
GTE_11068,STU2069,GATE_SOUTH,2023-10-23 07:30:00,RFID_CARD,1,PRESENT
GTE_11069,STU2070,GATE_SOUTH,2023-10-23 08:15:00,RFID_CARD,1,PRESENT
GTE_11070,STU2071,GATE_SOUTH,2023-10-23 08:40:00,RFID_CARD,1,PRESENT
GTE_11072,STU2073,GATE_NORTH,2023-10-23 08:59:00,RFID_CARD,1,PRESENT
GTE_11073,STU2074,GATE_NORTH,2023-10-23 07:35:00,RFID_CARD,1,PRESENT
GTE_11074,STU2075,GATE_NORTH,2023-10-23 08:33:00,RFID_CARD,1,PRESENT
GTE_11075,STU2076,GATE_SOUTH,2023-10-23 09:15:00,RFID_CARD,1,PRESENT
GTE_11076,STU2077,GATE_SOUTH,2023-10-23 07:43:00,RFID_CARD,1,PRESENT
GTE_11077,STU2078,GATE_NORTH,2023-10-23 08:48:00,RFID_CARD,1,PRESENT
GTE_11078,STU2079,GATE_NORTH,2023-10-23 07:54:00,RFID_CARD,1,PRESENT
GTE_11079,STU2080,GATE_SOUTH,2023-10-23 09:29:00,RFID_CARD,1,PRESENT
GTE_11080,STU2081,GATE_SOUTH,2023-10-23 07:57:00,RFID_CARD,1,PRESENT
GTE_11081,STU2082,GATE_NORTH,2023-10-23 09:15:00,RFID_CARD,1,PRESENT
GTE_11082,STU2083,GATE_SOUTH,2023-10-23 09:01:00,RFID_CARD,1,PRESENT
GTE_11083,STU2084,GATE_SOUTH,2023-10-23 07:43:00,RFID_CARD,1,PRESENT
GTE_11084,STU2085,GATE_NORTH,2023-10-23 07:35:00,RFID_CARD,1,PRESENT
GTE_11085,STU2086,GATE_SOUTH,2023-10-23 09:08:00,RFID_CARD,1,PRESENT
GTE_11086,STU2087,GATE_NORTH,2023-10-23 08:28:00,RFID_CARD,1,PRESENT
GTE_11087,STU2088,GATE_NORTH,2023-10-23 08:33:00,RFID_CARD,1,PRESENT
GTE_11088,STU2089,GATE_NORTH,2023-10-23 08:37:00,RFID_CARD,1,PRESENT
GTE_11089,STU2090,GATE_SOUTH,2023-10-23 08:40:00,RFID_CARD,1,PRESENT
GTE_11090,STU2091,GATE_SOUTH,2023-10-23 09:17:00,RFID_CARD,1,PRESENT
GTE_11092,STU2093,GATE_NORTH,2023-10-23 09:28:00,RFID_CARD,1,PRESENT
GTE_11094,STU2095,GATE_NORTH,2023-10-23 08:58:00,RFID_CARD,1,PRESENT
GTE_11095,STU2096,GATE_NORTH,2023-10-23 09:03:00,RFID_CARD,1,PRESENT
GTE_11096,STU2097,GATE_SOUTH,2023-10-23 07:43:00,RFID_CARD,1,PRESENT
GTE_11098,STU2099,GATE_SOUTH,2023-10-23 08:54:00,RFID_CARD,1,PRESENT
GTE_11099,STU2100,GATE_SOUTH,2023-10-23 08:34:00,RFID_CARD,1,PRESENT
GTE_11100,STU2101,GATE_NORTH,2023-10-23 08:23:00,RFID_CARD,0,DENIED
GTE_11101,STU2102,GATE_SOUTH,2023-10-23 08:05:00,RFID_CARD,1,PRESENT
GTE_11102,STU2103,GATE_SOUTH,2023-10-23 08:13:00,RFID_CARD,1,PRESENT
GTE_11103,STU2104,GATE_NORTH,2023-10-23 08:27:00,RFID_CARD,1,PRESENT
GTE_11105,STU2106,GATE_SOUTH,2023-10-23 07:47:00,RFID_CARD,1,PRESENT
GTE_11106,STU2107,GATE_SOUTH,2023-10-23 08:47:00,RFID_CARD,1,PRESENT
GTE_11107,STU2108,GATE_SOUTH,2023-10-23 09:17:00,RFID_CARD,1,PRESENT
GTE_11108,STU2109,GATE_NORTH,2023-10-23 09:01:00,RFID_CARD,1,PRESENT
GTE_11109,STU2110,GATE_NORTH,2023-10-23 07:55:00,RFID_CARD,1,PRESENT
GTE_11110,STU2111,GATE_SOUTH,2023-10-23 08:49:00,RFID_CARD,1,PRESENT
GTE_11112,STU2113,GATE_SOUTH,2023-10-23 08:57:00,RFID_CARD,1,PRESENT
GTE_11113,STU2114,GATE_NORTH,2023-10-23 09:27:00,RFID_CARD,1,PRESENT
GTE_11114,STU2115,GATE_NORTH,2023-10-23 09:00:00,RFID_CARD,1,PRESENT
GTE_11115,STU2116,GATE_SOUTH,2023-10-23 08:34:00,RFID_CARD,1,PRESENT
GTE_11116,STU2117,GATE_NORTH,2023-10-23 09:00:00,RFID_CARD,1,PRESENT
GTE_11117,STU2118,GATE_SOUTH,2023-10-23 09:07:00,RFID_CARD,1,PRESENT
GTE_11118,STU2119,GATE_SOUTH,2023-10-23 08:41:00,RFID_CARD,1,PRESENT
GTE_11119,STU2120,GATE_SOUTH,2023-10-23 08:44:00,RFID_CARD,1,PRESENT
GTE_11120,STU2121,GATE_SOUTH,2023-10-23 08:56:00,RFID_CARD,1,PRESENT
GTE_11121,STU2122,GATE_SOUTH,2023-10-23 09:22:00,RFID_CARD,1,PRESENT
GTE_11124,STU2125,GATE_NORTH,2023-10-23 09:13:00,RFID_CARD,1,PRESENT
GTE_11126,STU2127,GATE_NORTH,2023-10-23 08:36:00,RFID_CARD,1,PRESENT
GTE_11127,STU2128,GATE_SOUTH,2023-10-23 07:33:00,RFID_CARD,1,PRESENT
GTE_11129,STU2130,GATE_NORTH,2023-10-23 07:48:00,RFID_CARD,1,PRESENT
GTE_11130,STU2131,GATE_NORTH,2023-10-23 08:55:00,RFID_CARD,1,PRESENT
GTE_11131,STU2132,GATE_SOUTH,2023-10-23 07:55:00,RFID_CARD,1,PRESENT
GTE_11132,STU2133,GATE_NORTH,2023-10-23 09:06:00,RFID_CARD,1,PRESENT
GTE_11133,STU2134,GATE_SOUTH,2023-10-23 08:06:00,RFID_CARD,1,PRESENT
GTE_11134,STU2135,GATE_NORTH,2023-10-23 07:48:00,RFID_CARD,1,PRESENT
GTE_11135,STU2136,GATE_SOUTH,2023-10-23 08:58:00,RFID_CARD,1,PRESENT
GTE_11136,STU2137,GATE_NORTH,2023-10-23 07:56:00,RFID_CARD,1,PRESENT
GTE_11138,STU2139,GATE_SOUTH,2023-10-23 08:15:00,RFID_CARD,1,PRESENT
GTE_11139,STU2140,GATE_NORTH,2023-10-23 07:43:00,RFID_CARD,1,PRESENT
GTE_11140,STU2141,GATE_SOUTH,2023-10-23 09:05:00,RFID_CARD,1,PRESENT
GTE_11142,STU2143,GATE_SOUTH,2023-10-23 08:00:00,RFID_CARD,0,DENIED
GTE_11143,STU2144,GATE_NORTH,2023-10-23 08:58:00,RFID_CARD,1,PRESENT
GTE_11144,STU2145,GATE_SOUTH,2023-10-23 09:28:00,RFID_CARD,1,PRESENT
GTE_11145,STU2146,GATE_SOUTH,2023-10-23 08:19:00,RFID_CARD,1,PRESENT
GTE_11146,STU2147,GATE_SOUTH,2023-10-23 09:10:00,RFID_CARD,1,PRESENT
GTE_11147,STU2148,GATE_NORTH,2023-10-23 08:40:00,RFID_CARD,1,PRESENT
GTE_11148,STU2149,GATE_SOUTH,2023-10-23 07:31:00,RFID_CARD,1,PRESENT
GTE_11150,STU2151,GATE_SOUTH,2023-10-23 07:55:00,RFID_CARD,0,DENIED
GTE_11151,STU2152,GATE_NORTH,2023-10-23 09:16:00,RFID_CARD,1,PRESENT
GTE_11152,STU2153,GATE_SOUTH,2023-10-23 09:26:00,RFID_CARD,1,PRESENT
GTE_11153,STU2154,GATE_NORTH,2023-10-23 09:06:00,RFID_CARD,1,PRESENT
GTE_11154,STU2155,GATE_NORTH,2023-10-23 09:09:00,RFID_CARD,1,PRESENT
GTE_11155,STU2156,GATE_SOUTH,2023-10-23 08:07:00,RFID_CARD,1,PRESENT
GTE_11157,STU2158,GATE_NORTH,2023-10-23 07:52:00,RFID_CARD,1,PRESENT
GTE_11158,STU2159,GATE_NORTH,2023-10-23 07:53:00,RFID_CARD,1,PRESENT
GTE_11159,STU2160,GATE_NORTH,2023-10-23 09:04:00,RFID_CARD,1,PRESENT
GTE_11160,STU2161,GATE_NORTH,2023-10-23 08:18:00,RFID_CARD,1,PRESENT
GTE_11161,STU2162,GATE_SOUTH,2023-10-23 08:24:00,RFID_CARD,1,PRESENT
GTE_11162,STU2163,GATE_SOUTH,2023-10-23 08:41:00,RFID_CARD,1,PRESENT
GTE_11163,STU2164,GATE_NORTH,2023-10-23 07:46:00,RFID_CARD,1,PRESENT
GTE_11164,STU2165,GATE_SOUTH,2023-10-23 08:44:00,RFID_CARD,1,PRESENT
GTE_11165,STU2166,GATE_SOUTH,2023-10-23 07:30:00,RFID_CARD,1,PRESENT
GTE_11166,STU2167,GATE_NORTH,2023-10-23 08:29:00,RFID_CARD,1,PRESENT
GTE_11167,STU2168,GATE_NORTH,2023-10-23 07:35:00,RFID_CARD,1,PRESENT
GTE_11168,STU2169,GATE_SOUTH,2023-10-23 09:28:00,RFID_CARD,1,PRESENT
GTE_11169,STU2170,GATE_NORTH,2023-10-23 08:46:00,RFID_CARD,1,PRESENT
GTE_11170,STU2171,GATE_SOUTH,2023-10-23 09:09:00,RFID_CARD,1,PRESENT
GTE_11171,STU2172,GATE_SOUTH,2023-10-23 08:32:00,RFID_CARD,0,DENIED
GTE_11172,STU2173,GATE_SOUTH,2023-10-23 07:39:00,RFID_CARD,1,PRESENT
GTE_11173,STU2174,GATE_NORTH,2023-10-23 08:37:00,RFID_CARD,1,PRESENT
GTE_11174,STU2175,GATE_NORTH,2023-10-23 07:53:00,RFID_CARD,1,PRESENT
GTE_11175,STU2176,GATE_NORTH,2023-10-23 09:10:00,RFID_CARD,1,PRESENT
GTE_11176,STU2177,GATE_SOUTH,2023-10-23 08:23:00,RFID_CARD,1,PRESENT
GTE_11177,STU2178,GATE_SOUTH,2023-10-23 07:41:00,RFID_CARD,1,PRESENT
GTE_11178,STU2179,GATE_NORTH,2023-10-23 07:58:00,RFID_CARD,1,PRESENT
GTE_11179,STU2180,GATE_SOUTH,2023-10-23 08:54:00,RFID_CARD,1,PRESENT
GTE_11180,STU2181,GATE_SOUTH,2023-10-23 08:12:00,RFID_CARD,1,PRESENT
GTE_11181,STU2182,GATE_NORTH,2023-10-23 08:07:00,RFID_CARD,1,PRESENT
GTE_11183,STU2184,GATE_SOUTH,2023-10-23 09:06:00,RFID_CARD,1,PRESENT
GTE_11184,STU2185,GATE_NORTH,2023-10-23 08:41:00,RFID_CARD,1,PRESENT
GTE_11186,STU2187,GATE_SOUTH,2023-10-23 07:44:00,RFID_CARD,1,PRESENT
GTE_11187,STU2188,GATE_NORTH,2023-10-23 08:27:00,RFID_CARD,1,PRESENT
GTE_11188,STU2189,GATE_NORTH,2023-10-23 09:25:00,RFID_CARD,1,PRESENT
GTE_11189,STU2190,GATE_SOUTH,2023-10-23 07:35:00,RFID_CARD,1,PRESENT
GTE_11191,STU2192,GATE_NORTH,2023-10-23 08:18:00,RFID_CARD,1,PRESENT
GTE_11192,STU2193,GATE_SOUTH,2023-10-23 08:19:00,RFID_CARD,1,PRESENT
GTE_11194,STU2195,GATE_SOUTH,2023-10-23 08:39:00,RFID_CARD,1,PRESENT
GTE_11195,STU2196,GATE_SOUTH,2023-10-23 07:33:00,RFID_CARD,1,PRESENT
GTE_11196,STU2197,GATE_SOUTH,2023-10-23 08:35:00,RFID_CARD,1,PRESENT
GTE_11197,STU2198,GATE_NORTH,2023-10-23 08:32:00,RFID_CARD,1,PRESENT
GTE_11198,STU2199,GATE_NORTH,2023-10-23 08:07:00,RFID_CARD,1,PRESENT
GTE_11199,STU2200,GATE_NORTH,2023-10-23 08:11:00,RFID_CARD,1,PRESENT
