student_id,department,year_of_study
STU1001,Computer Science,1
STU1002,Electrical Eng,2
STU1003,Data Science,2
STU1004,Computer Science,1
STU1005,Business Admin,4
STU1006,Computer Science,1
STU1007,Computer Science,2
STU1008,Data Science,1
STU1009,Business Admin,2
STU1010,Business Admin,4
STU1011,Data Science,4
STU1012,Business Admin,3
STU1013,Computer Science,2
STU1014,Mechanical Eng,3
STU1015,Electrical Eng,2
STU1016,Data Science,3
STU1017,Computer Science,1
STU1018,Mechanical Eng,1
STU1019,Electrical Eng,3
STU1020,Business Admin,3
STU1021,Computer Science,4
STU1022,Business Admin,1
STU1023,Mechanical Eng,1
STU1024,Business Admin,3
STU1025,Business Admin,3
STU1026,Business Admin,2
STU1027,Computer Science,1
STU1028,Data Science,3
STU1029,Computer Science,2
STU1030,Computer Science,4
STU1031,Electrical Eng,4
STU1032,Electrical Eng,2
STU1033,Electrical Eng,3
STU1034,Data Science,3
STU1035,Computer Science,2
STU1036,Business Admin,2
STU1037,Data Science,4
STU1038,Mechanical Eng,3
STU1039,Business Admin,2
STU1040,Electrical Eng,1
STU1041,Data Science,1
STU1042,Electrical Eng,4
STU1043,Electrical Eng,1
STU1044,Data Science,3
STU1045,Data Science,4
STU1046,Mechanical Eng,4
STU1047,Data Science,3
STU1048,Data Science,2
STU1049,Business Admin,3
STU1050,Business Admin,4
STU1051,Business Admin,4
STU1052,Electrical Eng,2
STU1053,Data Science,4
STU1054,Computer Science,1
STU1055,Computer Science,2
STU1056,Data Science,4
STU1057,Business Admin,1
STU1058,Mechanical Eng,4
STU1059,Business Admin,4
STU1060,Business Admin,3
STU1061,Business Admin,1
STU1062,Computer Science,3
STU1063,Electrical Eng,1
STU1064,Electrical Eng,4
STU1065,Data Science,4
STU1066,Computer Science,3
STU1067,Business Admin,2
STU1068,Business Admin,1
STU1069,Electrical Eng,2
STU1070,Data Science,3
STU1071,Data Science,1
STU1072,Business Admin,3
STU1073,Mechanical Eng,1
STU1074,Computer Science,3
STU1075,Electrical Eng,2
STU1076,Computer Science,2
STU1077,Business Admin,1
STU1078,Computer Science,4
STU1079,Computer Science,2
STU1080,Data Science,4
STU1081,Business Admin,2
STU1082,Electrical Eng,4
STU1083,Data Science,2
STU1084,Electrical Eng,4
STU1085,Electrical Eng,4
STU1086,Business Admin,4
STU1087,Computer Science,2
STU1088,Data Science,1
STU1089,Electrical Eng,1
STU1090,Business Admin,2
STU1091,Business Admin,2
STU1092,Computer Science,1
STU1093,Computer Science,2
STU1094,Computer Science,1
STU1095,Electrical Eng,1
STU1096,Business Admin,2
STU1097,Electrical Eng,4
STU1098,Data Science,2
STU1099,Business Admin,4
STU1100,Data Science,4
STU1101,Mechanical Eng,2
STU1102,Computer Science,1
STU1103,Mechanical Eng,3
STU1104,Mechanical Eng,4
STU1105,Mechanical Eng,1
STU1106,Computer Science,1
STU1107,Mechanical Eng,3
STU1108,Computer Science,2
STU1109,Data Science,2
STU1110,Business Admin,4
STU1111,Data Science,4
STU1112,Data Science,3
STU1113,Mechanical Eng,2
STU1114,Computer Science,4
STU1115,Business Admin,1
STU1116,Computer Science,1
STU1117,Computer Science,2
STU1118,Data Science,4
STU1119,Mechanical Eng,4
STU1120,Data Science,4
STU1121,Computer Science,2
STU1122,Mechanical Eng,1
STU1123,Mechanical Eng,3
STU1124,Mechanical Eng,3
STU1125,Mechanical Eng,4
STU1126,Data Science,2
STU1127,Electrical Eng,2
STU1128,Computer Science,1
STU1129,Electrical Eng,1
STU1130,Computer Science,4
STU1131,Business Admin,2
STU1132,Computer Science,1
STU1133,Data Science,1
STU1134,Business Admin,1
STU1135,Data Science,4
STU1136,Computer Science,2
STU1137,Business Admin,1
STU1138,Business Admin,1
STU1139,Mechanical Eng,3
STU1140,Electrical Eng,2
STU1141,Electrical Eng,2
STU1142,Electrical Eng,4
STU1143,Data Science,3
STU1144,Mechanical Eng,3
STU1145,Computer Science,1
STU1146,Mechanical Eng,1
STU1147,Computer Science,2
STU1148,Business Admin,3
STU1149,Data Science,3
STU1150,Computer Science,2
STU1151,Electrical Eng,3
STU1152,Data Science,4
STU1153,Business Admin,3
STU1154,Business Admin,1
STU1155,Business Admin,3
STU1156,Computer Science,2
STU1157,Electrical Eng,1
STU1158,Computer Science,2
STU1159,Electrical Eng,3
STU1160,Business Admin,2
STU1161,Electrical Eng,2
STU1162,Electrical Eng,4
STU1163,Electrical Eng,1
STU1164,Computer Science,4
STU1165,Electrical Eng,1
STU1166,Computer Science,3
STU1167,Data Science,3
STU1168,Data Science,4
STU1169,Business Admin,4
STU1170,Business Admin,1
STU1171,Computer Science,1
STU1172,Data Science,1
STU1173,Electrical Eng,2
STU1174,Mechanical Eng,2
STU1175,Computer Science,3
STU1176,Electrical Eng,1
STU1177,Electrical Eng,2
STU1178,Data Science,1
STU1179,Electrical Eng,4
STU1180,Business Admin,2
STU1181,Data Science,2
STU1182,Data Science,4
STU1183,Computer Science,2
STU1184,Electrical Eng,4
STU1185,Data Science,3
STU1186,Data Science,1
STU1187,Mechanical Eng,1
STU1188,Mechanical Eng,2
STU1189,Data Science,4
STU1190,Electrical Eng,3
STU1191,Data Science,2
STU1192,Computer Science,2
STU1193,Mechanical Eng,3
STU1194,Electrical Eng,1
STU1195,Electrical Eng,3
STU1196,Business Admin,4
STU1197,Business Admin,3
STU1198,Computer Science,1
STU1199,Electrical Eng,2
STU1200,Business Admin,3
STU1201,Computer Science,1
STU1202,Business Admin,4
STU1203,Electrical Eng,3
STU1204,Mechanical Eng,1
STU1205,Mechanical Eng,2
STU1206,Electrical Eng,1
STU1207,Mechanical Eng,1
STU1208,Business Admin,2
STU1209,Electrical Eng,4
STU1210,Computer Science,3
STU1211,Business Admin,3
STU1212,Computer Science,3
STU1213,Business Admin,3
STU1214,Mechanical Eng,3
STU1215,Mechanical Eng,3
STU1216,Business Admin,2
STU1217,Data Science,4
STU1218,Mechanical Eng,2
STU1219,Business Admin,3
STU1220,Mechanical Eng,1
STU1221,Electrical Eng,3
STU1222,Data Science,4
STU1223,Business Admin,3
STU1224,Mechanical Eng,4
STU1225,Mechanical Eng,2
STU1226,Business Admin,4
STU1227,Data Science,1
STU1228,Electrical Eng,3
STU1229,Computer Science,2
STU1230,Electrical Eng,2
STU1231,Data Science,2
STU1232,Computer Science,1
STU1233,Data Science,4
STU1234,Business Admin,1
STU1235,Mechanical Eng,4
STU1236,Business Admin,2
STU1237,Mechanical Eng,4
STU1238,Mechanical Eng,2
STU1239,Data Science,1
STU1240,Computer Science,4
STU1241,Data Science,2
STU1242,Business Admin,4
STU1243,Computer Science,2
STU1244,Computer Science,4
STU1245,Data Science,4
STU1246,Business Admin,3
STU1247,Mechanical Eng,4
STU1248,Business Admin,4
STU1249,Data Science,4
STU1250,Mechanical Eng,3
STU1251,Data Science,3
STU1252,Business Admin,4
STU1253,Data Science,3
STU1254,Mechanical Eng,1
STU1255,Electrical Eng,2
STU1256,Electrical Eng,3
STU1257,Electrical Eng,1
STU1258,Data Science,2
STU1259,Data Science,4
STU1260,Data Science,2
STU1261,Computer Science,4
STU1262,Mechanical Eng,3
STU1263,Business Admin,4
STU1264,Mechanical Eng,1
STU1265,Data Science,4
STU1266,Mechanical Eng,1
STU1267,Business Admin,4
STU1268,Mechanical Eng,1
STU1269,Electrical Eng,3
STU1270,Mechanical Eng,4
STU1271,Business Admin,2
STU1272,Mechanical Eng,2
STU1273,Electrical Eng,4
STU1274,Mechanical Eng,1
STU1275,Mechanical Eng,3
STU1276,Mechanical Eng,2
STU1277,Mechanical Eng,2
STU1278,Business Admin,1
STU1279,Mechanical Eng,1
STU1280,Computer Science,4
STU1281,Data Science,4
STU1282,Data Science,1
STU1283,Electrical Eng,4
STU1284,Electrical Eng,2
STU1285,Mechanical Eng,3
STU1286,Electrical Eng,4
STU1287,Electrical Eng,4
STU1288,Electrical Eng,1
STU1289,Mechanical Eng,1
STU1290,Business Admin,1
STU1291,Electrical Eng,2
STU1292,Computer Science,1
STU1293,Computer Science,2
STU1294,Data Science,1
STU1295,Business Admin,2
STU1296,Data Science,2
STU1297,Mechanical Eng,1
STU1298,Business Admin,2
STU1299,Mechanical Eng,3
STU1300,Electrical Eng,2
STU1301,Business Admin,1
STU1302,Data Science,3
STU1303,Computer Science,1
STU1304,Electrical Eng,4
STU1305,Mechanical Eng,2
STU1306,Computer Science,2
STU1307,Computer Science,3
STU1308,Business Admin,1
STU1309,Business Admin,1
STU1310,Electrical Eng,4
STU1311,Electrical Eng,1
STU1312,Business Admin,3
STU1313,Computer Science,4
STU1314,Mechanical Eng,1
STU1315,Mechanical Eng,3
STU1316,Mechanical Eng,2
STU1317,Mechanical Eng,2
STU1318,Business Admin,3
STU1319,Business Admin,4
STU1320,Mechanical Eng,4
STU1321,Business Admin,3
STU1322,Electrical Eng,2
STU1323,Computer Science,3
STU1324,Mechanical Eng,2
STU1325,Mechanical Eng,4
STU1326,Electrical Eng,1
STU1327,Mechanical Eng,3
STU1328,Data Science,4
STU1329,Data Science,3
STU1330,Electrical Eng,3
STU1331,Electrical Eng,3
STU1332,Business Admin,1
STU1333,Business Admin,2
STU1334,Computer Science,2
STU1335,Mechanical Eng,4
STU1336,Business Admin,2
STU1337,Mechanical Eng,4
STU1338,Mechanical Eng,1
STU1339,Computer Science,3
STU1340,Data Science,4
STU1341,Data Science,3
STU1342,Business Admin,3
STU1343,Mechanical Eng,3
STU1344,Mechanical Eng,3
STU1345,Electrical Eng,4
STU1346,Electrical Eng,3
STU1347,Electrical Eng,2
STU1348,Computer Science,2
STU1349,Electrical Eng,1
STU1350,Business Admin,2
STU1351,Data Science,2
STU1352,Mechanical Eng,3
STU1353,Business Admin,3
STU1354,Computer Science,2
STU1355,Electrical Eng,2
STU1356,Electrical Eng,2
STU1357,Electrical Eng,1
STU1358,Business Admin,2
STU1359,Electrical Eng,1
STU1360,Computer Science,3
STU1361,Data Science,4
STU1362,Computer Science,1
STU1363,Business Admin,3
STU1364,Mechanical Eng,4
STU1365,Mechanical Eng,3
STU1366,Data Science,1
STU1367,Electrical Eng,4
STU1368,Computer Science,1
STU1369,Mechanical Eng,4
STU1370,Computer Science,1
STU1371,Data Science,2
STU1372,Business Admin,3
STU1373,Computer Science,2
STU1374,Computer Science,4
STU1375,Business Admin,2
STU1376,Business Admin,4
STU1377,Mechanical Eng,4
STU1378,Electrical Eng,4
STU1379,Electrical Eng,1
STU1380,Business Admin,1
STU1381,Data Science,2
STU1382,Electrical Eng,1
STU1383,Data Science,2
STU1384,Data Science,1
STU1385,Data Science,1
STU1386,Mechanical Eng,4
STU1387,Business Admin,4
STU1388,Electrical Eng,1
STU1389,Data Science,3
STU1390,Electrical Eng,4
STU1391,Computer Science,2
STU1392,Electrical Eng,2
STU1393,Mechanical Eng,1
STU1394,Business Admin,2
STU1395,Data Science,3
STU1396,Data Science,1
STU1397,Computer Science,2
STU1398,Electrical Eng,3
STU1399,Mechanical Eng,1
STU1400,Mechanical Eng,3
STU1401,Mechanical Eng,3
STU1402,Business Admin,4
STU1403,Mechanical Eng,1
STU1404,Business Admin,1
STU1405,Mechanical Eng,3
STU1406,Business Admin,3
STU1407,Computer Science,1
STU1408,Data Science,1
STU1409,Electrical Eng,1
STU1410,Data Science,4
STU1411,Business Admin,4
STU1412,Electrical Eng,2
STU1413,Business Admin,4
STU1414,Mechanical Eng,1
STU1415,Mechanical Eng,3
STU1416,Mechanical Eng,3
STU1417,Electrical Eng,1
STU1418,Data Science,3
STU1419,Mechanical Eng,4
STU1420,Electrical Eng,4
STU1421,Business Admin,1
STU1422,Mechanical Eng,1
STU1423,Electrical Eng,3
STU1424,Electrical Eng,1
STU1425,Mechanical Eng,1
STU1426,Business Admin,4
STU1427,Mechanical Eng,1
STU1428,Data Science,3
STU1429,Business Admin,4
STU1430,Mechanical Eng,1
STU1431,Data Science,3
STU1432,Business Admin,2
STU1433,Electrical Eng,4
STU1434,Mechanical Eng,1
STU1435,Computer Science,2
STU1436,Data Science,3
STU1437,Business Admin,1
STU1438,Business Admin,4
STU1439,Computer Science,2
STU1440,Computer Science,4
STU1441,Computer Science,2
STU1442,Mechanical Eng,3
STU1443,Business Admin,3
STU1444,Mechanical Eng,4
STU1445,Mechanical Eng,2
STU1446,Mechanical Eng,2
STU1447,Mechanical Eng,2
STU1448,Business Admin,2
STU1449,Computer Science,3
STU1450,Mechanical Eng,3
STU1451,Business Admin,3
STU1452,Computer Science,3
STU1453,Electrical Eng,4
STU1454,Data Science,4
STU1455,Business Admin,4
STU1456,Electrical Eng,3
STU1457,Business Admin,4
STU1458,Mechanical Eng,3
STU1459,Data Science,2
STU1460,Business Admin,4
STU1461,Data Science,4
STU1462,Computer Science,3
STU1463,Mechanical Eng,4
STU1464,Mechanical Eng,2
STU1465,Mechanical Eng,1
STU1466,Data Science,3
STU1467,Computer Science,4
STU1468,Computer Science,4
STU1469,Computer Science,2
STU1470,Mechanical Eng,2
STU1471,Computer Science,4
STU1472,Electrical Eng,3
STU1473,Business Admin,4
STU1474,Computer Science,3
STU1475,Business Admin,4
STU1476,Electrical Eng,4
STU1477,Business Admin,1
STU1478,Business Admin,1
STU1479,Data Science,3
STU1480,Data Science,1
STU1481,Mechanical Eng,1
STU1482,Computer Science,4
STU1483,Data Science,3
STU1484,Computer Science,1
STU1485,Electrical Eng,1
STU1486,Electrical Eng,3
STU1487,Electrical Eng,4
STU1488,Data Science,2
STU1489,Business Admin,4
STU1490,Business Admin,2
STU1491,Data Science,2
STU1492,Computer Science,4
STU1493,Business Admin,2
STU1494,Mechanical Eng,2
STU1495,Data Science,4
STU1496,Electrical Eng,4
STU1497,Electrical Eng,1
STU1498,Mechanical Eng,3
STU1499,Business Admin,2
STU1500,Computer Science,4
STU1501,Electrical Eng,3
STU1502,Mechanical Eng,3
STU1503,Mechanical Eng,3
STU1504,Data Science,4
STU1505,Mechanical Eng,1
STU1506,Data Science,4
STU1507,Business Admin,3
STU1508,Business Admin,3
STU1509,Electrical Eng,1
STU1510,Mechanical Eng,3
STU1511,Computer Science,1
STU1512,Business Admin,4
STU1513,Electrical Eng,2
STU1514,Business Admin,3
STU1515,Data Science,2
STU1516,Business Admin,3
STU1517,Data Science,1
STU1518,Computer Science,3
STU1519,Mechanical Eng,1
STU1520,Business Admin,3
STU1521,Data Science,1
STU1522,Electrical Eng,3
STU1523,Mechanical Eng,2
STU1524,Data Science,2
STU1525,Business Admin,3
STU1526,Business Admin,3
STU1527,Data Science,3
STU1528,Mechanical Eng,3
STU1529,Electrical Eng,1
STU1530,Mechanical Eng,1
STU1531,Data Science,2
STU1532,Mechanical Eng,3
STU1533,Computer Science,4
STU1534,Computer Science,3
STU1535,Business Admin,1
STU1536,Mechanical Eng,3
STU1537,Electrical Eng,4
STU1538,Electrical Eng,1
STU1539,Data Science,4
STU1540,Computer Science,3
STU1541,Business Admin,2
STU1542,Computer Science,4
STU1543,Electrical Eng,4
STU1544,Computer Science,2
STU1545,Computer Science,1
STU1546,Electrical Eng,4
STU1547,Computer Science,1
STU1548,Data Science,2
STU1549,Mechanical Eng,4
STU1550,Electrical Eng,4
STU1551,Business Admin,2
STU1552,Mechanical Eng,1
STU1553,Mechanical Eng,4
STU1554,Electrical Eng,1
STU1555,Electrical Eng,2
STU1556,Mechanical Eng,4
STU1557,Data Science,3
STU1558,Computer Science,3
STU1559,Business Admin,3
STU1560,Computer Science,4
STU1561,Electrical Eng,2
STU1562,Computer Science,4
STU1563,Computer Science,2
STU1564,Business Admin,1
STU1565,Computer Science,3
STU1566,Data Science,2
STU1567,Business Admin,2
STU1568,Computer Science,2
STU1569,Business Admin,2
STU1570,Data Science,3
STU1571,Data Science,1
STU1572,Electrical Eng,2
STU1573,Data Science,3
STU1574,Data Science,1
STU1575,Computer Science,2
STU1576,Computer Science,3
STU1577,Data Science,3
STU1578,Computer Science,2
STU1579,Electrical Eng,1
STU1580,Data Science,4
STU1581,Business Admin,1
STU1582,Computer Science,4
STU1583,Mechanical Eng,3
STU1584,Business Admin,1
STU1585,Mechanical Eng,2
STU1586,Business Admin,1
STU1587,Business Admin,3
STU1588,Mechanical Eng,1
STU1589,Computer Science,4
STU1590,Mechanical Eng,4
STU1591,Computer Science,4
STU1592,Mechanical Eng,1
STU1593,Computer Science,3
STU1594,Business Admin,2
STU1595,Computer Science,2
STU1596,Electrical Eng,3
STU1597,Mechanical Eng,3
STU1598,Mechanical Eng,4
STU1599,Computer Science,1
STU1600,Business Admin,2
STU1601,Mechanical Eng,4
STU1602,Data Science,4
STU1603,Electrical Eng,4
STU1604,Mechanical Eng,4
STU1605,Computer Science,3
STU1606,Mechanical Eng,3
STU1607,Electrical Eng,3
STU1608,Data Science,4
STU1609,Computer Science,1
STU1610,Computer Science,1
STU1611,Mechanical Eng,1
STU1612,Electrical Eng,2
STU1613,Business Admin,1
STU1614,Business Admin,3
STU1615,Computer Science,4
STU1616,Electrical Eng,4
STU1617,Computer Science,3
STU1618,Business Admin,3
STU1619,Electrical Eng,1
STU1620,Business Admin,2
STU1621,Data Science,4
STU1622,Data Science,1
STU1623,Electrical Eng,3
STU1624,Computer Science,3
STU1625,Business Admin,2
STU1626,Mechanical Eng,1
STU1627,Business Admin,3
STU1628,Computer Science,2
STU1629,Electrical Eng,3
STU1630,Electrical Eng,3
STU1631,Computer Science,2
STU1632,Data Science,4
STU1633,Computer Science,2
STU1634,Computer Science,1
STU1635,Business Admin,2
STU1636,Mechanical Eng,4
STU1637,Mechanical Eng,3
STU1638,Data Science,3
STU1639,Electrical Eng,3
STU1640,Business Admin,1
STU1641,Computer Science,2
STU1642,Data Science,1
STU1643,Computer Science,3
STU1644,Mechanical Eng,4
STU1645,Mechanical Eng,4
STU1646,Mechanical Eng,3
STU1647,Data Science,1
STU1648,Electrical Eng,4
STU1649,Computer Science,3
STU1650,Business Admin,4
STU1651,Business Admin,3
STU1652,Computer Science,2
STU1653,Mechanical Eng,1
STU1654,Computer Science,2
STU1655,Electrical Eng,2
STU1656,Data Science,3
STU1657,Electrical Eng,3
STU1658,Computer Science,1
STU1659,Mechanical Eng,4
STU1660,Data Science,2
STU1661,Mechanical Eng,2
STU1662,Business Admin,3
STU1663,Computer Science,4
STU1664,Computer Science,4
STU1665,Computer Science,4
STU1666,Computer Science,3
STU1667,Business Admin,4
STU1668,Business Admin,4
STU1669,Mechanical Eng,3
STU1670,Computer Science,4
STU1671,Computer Science,3
STU1672,Data Science,4
STU1673,Electrical Eng,1
STU1674,Mechanical Eng,1
STU1675,Data Science,4
STU1676,Business Admin,4
STU1677,Business Admin,1
STU1678,Mechanical Eng,3
STU1679,Electrical Eng,2
STU1680,Electrical Eng,2
STU1681,Computer Science,1
STU1682,Business Admin,2
STU1683,Electrical Eng,3
STU1684,Data Science,2
STU1685,Computer Science,2
STU1686,Electrical Eng,2
STU1687,Data Science,2
STU1688,Computer Science,2
STU1689,Mechanical Eng,4
STU1690,Business Admin,4
STU1691,Business Admin,3
STU1692,Electrical Eng,2
STU1693,Mechanical Eng,1
STU1694,Mechanical Eng,4
STU1695,Electrical Eng,3
STU1696,Business Admin,1
STU1697,Electrical Eng,1
STU1698,Electrical Eng,4
STU1699,Mechanical Eng,1
STU1700,Computer Science,3
STU1701,Electrical Eng,1
STU1702,Computer Science,4
STU1703,Mechanical Eng,1
STU1704,Mechanical Eng,2
STU1705,Electrical Eng,4
STU1706,Business Admin,2
STU1707,Computer Science,4
STU1708,Computer Science,3
STU1709,Computer Science,2
STU1710,Computer Science,2
STU1711,Mechanical Eng,4
STU1712,Business Admin,2
STU1713,Electrical Eng,3
STU1714,Electrical Eng,4
STU1715,Mechanical Eng,3
STU1716,Business Admin,1
STU1717,Electrical Eng,1
STU1718,Electrical Eng,1
STU1719,Business Admin,4
STU1720,Electrical Eng,3
STU1721,Business Admin,2
STU1722,Electrical Eng,1
STU1723,Business Admin,2
STU1724,Electrical Eng,3
STU1725,Mechanical Eng,2
STU1726,Business Admin,1
STU1727,Electrical Eng,4
STU1728,Electrical Eng,2
STU1729,Business Admin,1
STU1730,Mechanical Eng,3
STU1731,Computer Science,3
STU1732,Electrical Eng,2
STU1733,Data Science,3
STU1734,Mechanical Eng,2
STU1735,Data Science,2
STU1736,Data Science,1
STU1737,Electrical Eng,1
STU1738,Business Admin,1
STU1739,Electrical Eng,2
STU1740,Business Admin,4
STU1741,Data Science,2
STU1742,Data Science,2
STU1743,Mechanical Eng,1
STU1744,Mechanical Eng,3
STU1745,Data Science,4
STU1746,Business Admin,3
STU1747,Mechanical Eng,2
STU1748,Business Admin,2
STU1749,Electrical Eng,4
STU1750,Data Science,3
STU1751,Business Admin,4
STU1752,Mechanical Eng,3
STU1753,Mechanical Eng,4
STU1754,Data Science,2
STU1755,Business Admin,2
STU1756,Electrical Eng,1
STU1757,Mechanical Eng,3
STU1758,Business Admin,1
STU1759,Business Admin,1
STU1760,Electrical Eng,1
STU1761,Data Science,3
STU1762,Mechanical Eng,2
STU1763,Mechanical Eng,1
STU1764,Data Science,4
STU1765,Electrical Eng,1
STU1766,Mechanical Eng,1
STU1767,Mechanical Eng,3
STU1768,Data Science,4
STU1769,Computer Science,3
STU1770,Data Science,1
STU1771,Electrical Eng,1
STU1772,Electrical Eng,2
STU1773,Data Science,1
STU1774,Electrical Eng,4
STU1775,Data Science,4
STU1776,Mechanical Eng,1
STU1777,Computer Science,1
STU1778,Electrical Eng,2
STU1779,Data Science,4
STU1780,Computer Science,3
STU1781,Data Science,3
STU1782,Computer Science,1
STU1783,Data Science,4
STU1784,Business Admin,4
STU1785,Computer Science,1
STU1786,Mechanical Eng,1
STU1787,Business Admin,2
STU1788,Data Science,3
STU1789,Mechanical Eng,1
STU1790,Business Admin,3
STU1791,Data Science,4
STU1792,Data Science,1
STU1793,Business Admin,3
STU1794,Computer Science,1
STU1795,Mechanical Eng,4
STU1796,Computer Science,4
STU1797,Electrical Eng,3
STU1798,Computer Science,3
STU1799,Computer Science,3
STU1800,Data Science,1
STU1801,Business Admin,3
STU1802,Data Science,1
STU1803,Electrical Eng,3
STU1804,Data Science,4
STU1805,Mechanical Eng,2
STU1806,Data Science,1
STU1807,Mechanical Eng,1
STU1808,Electrical Eng,2
STU1809,Computer Science,2
STU1810,Computer Science,3
STU1811,Electrical Eng,4
STU1812,Business Admin,4
STU1813,Electrical Eng,1
STU1814,Data Science,3
STU1815,Electrical Eng,1
STU1816,Electrical Eng,3
STU1817,Computer Science,3
STU1818,Mechanical Eng,4
STU1819,Mechanical Eng,4
STU1820,Electrical Eng,2
STU1821,Mechanical Eng,4
STU1822,Electrical Eng,3
STU1823,Computer Science,4
STU1824,Computer Science,4
STU1825,Business Admin,2
STU1826,Business Admin,3
STU1827,Electrical Eng,1
STU1828,Computer Science,3
STU1829,Electrical Eng,3
STU1830,Mechanical Eng,4
STU1831,Data Science,4
STU1832,Electrical Eng,4
STU1833,Computer Science,3
STU1834,Business Admin,4
STU1835,Electrical Eng,1
STU1836,Computer Science,4
STU1837,Electrical Eng,2
STU1838,Computer Science,2
STU1839,Business Admin,4
STU1840,Computer Science,2
STU1841,Computer Science,2
STU1842,Electrical Eng,3
STU1843,Mechanical Eng,1
STU1844,Business Admin,2
STU1845,Mechanical Eng,3
STU1846,Electrical Eng,4
STU1847,Computer Science,2
STU1848,Business Admin,3
STU1849,Mechanical Eng,3
STU1850,Electrical Eng,2
STU1851,Computer Science,1
STU1852,Data Science,4
STU1853,Business Admin,4
STU1854,Business Admin,1
STU1855,Electrical Eng,3
STU1856,Mechanical Eng,2
STU1857,Business Admin,3
STU1858,Mechanical Eng,2
STU1859,Computer Science,2
STU1860,Computer Science,4
STU1861,Data Science,4
STU1862,Computer Science,3
STU1863,Electrical Eng,1
STU1864,Business Admin,3
STU1865,Electrical Eng,2
STU1866,Data Science,3
STU1867,Business Admin,2
STU1868,Computer Science,2
STU1869,Data Science,2
STU1870,Mechanical Eng,1
STU1871,Electrical Eng,3
STU1872,Mechanical Eng,2
STU1873,Business Admin,1
STU1874,Computer Science,3
STU1875,Mechanical Eng,4
STU1876,Business Admin,4
STU1877,Mechanical Eng,1
STU1878,Data Science,3
STU1879,Computer Science,4
STU1880,Mechanical Eng,3
STU1881,Data Science,2
STU1882,Data Science,4
STU1883,Business Admin,1
STU1884,Computer Science,2
STU1885,Electrical Eng,2
STU1886,Data Science,3
STU1887,Data Science,3
STU1888,Business Admin,3
STU1889,Computer Science,3
STU1890,Data Science,3
STU1891,Data Science,3
STU1892,Business Admin,1
STU1893,Business Admin,2
STU1894,Business Admin,2
STU1895,Data Science,3
STU1896,Business Admin,1
STU1897,Computer Science,1
STU1898,Computer Science,3
STU1899,Data Science,4
STU1900,Business Admin,1
STU1901,Mechanical Eng,3
STU1902,Electrical Eng,4
STU1903,Data Science,4
STU1904,Electrical Eng,4
STU1905,Computer Science,1
STU1906,Data Science,4
STU1907,Mechanical Eng,4
STU1908,Mechanical Eng,2
STU1909,Electrical Eng,2
STU1910,Electrical Eng,3
STU1911,Electrical Eng,4
STU1912,Data Science,3
STU1913,Business Admin,1
STU1914,Electrical Eng,2
STU1915,Mechanical Eng,1
STU1916,Electrical Eng,4
STU1917,Data Science,2
STU1918,Computer Science,1
STU1919,Electrical Eng,4
STU1920,Business Admin,4
STU1921,Data Science,2
STU1922,Electrical Eng,3
STU1923,Data Science,2
STU1924,Mechanical Eng,4
STU1925,Mechanical Eng,3
STU1926,Mechanical Eng,1
STU1927,Computer Science,4
STU1928,Business Admin,4
STU1929,Data Science,2
STU1930,Business Admin,3
STU1931,Computer Science,1
STU1932,Electrical Eng,4
STU1933,Business Admin,4
STU1934,Electrical Eng,1
STU1935,Computer Science,4
STU1936,Data Science,3
STU1937,Electrical Eng,4
STU1938,Electrical Eng,1
STU1939,Mechanical Eng,1
STU1940,Business Admin,2
STU1941,Electrical Eng,3
STU1942,Computer Science,4
STU1943,Business Admin,4
STU1944,Business Admin,3
STU1945,Business Admin,1
STU1946,Data Science,1
STU1947,Mechanical Eng,3
STU1948,Electrical Eng,3
STU1949,Data Science,2
STU1950,Business Admin,4
STU1951,Business Admin,1
STU1952,Computer Science,1
STU1953,Data Science,3
STU1954,Mechanical Eng,4
STU1955,Data Science,2
STU1956,Electrical Eng,3
STU1957,Data Science,4
STU1958,Business Admin,3
STU1959,Business Admin,3
STU1960,Business Admin,4
STU1961,Business Admin,3
STU1962,Mechanical Eng,1
STU1963,Electrical Eng,3
STU1964,Computer Science,4
STU1965,Business Admin,3
STU1966,Computer Science,4
STU1967,Electrical Eng,2
STU1968,Computer Science,4
STU1969,Data Science,4
STU1970,Data Science,2
STU1971,Computer Science,1
STU1972,Data Science,1
STU1973,Mechanical Eng,3
STU1974,Mechanical Eng,2
STU1975,Mechanical Eng,2
STU1976,Mechanical Eng,4
STU1977,Computer Science,2
STU1978,Business Admin,2
STU1979,Business Admin,3
STU1980,Mechanical Eng,4
STU1981,Electrical Eng,2
STU1982,Mechanical Eng,3
STU1983,Business Admin,3
STU1984,Electrical Eng,4
STU1985,Data Science,2
STU1986,Electrical Eng,3
STU1987,Data Science,3
STU1988,Electrical Eng,2
STU1989,Mechanical Eng,3
STU1990,Mechanical Eng,3
STU1991,Business Admin,3
STU1992,Electrical Eng,1
STU1993,Business Admin,4
STU1994,Mechanical Eng,3
STU1995,Data Science,3
STU1996,Computer Science,3
STU1997,Computer Science,3
STU1998,Mechanical Eng,3
STU1999,Mechanical Eng,2
STU2000,Data Science,3
STU2001,Business Admin,3
STU2002,Data Science,1
STU2003,Business Admin,2
STU2004,Data Science,1
STU2005,Business Admin,2
STU2006,Data Science,1
STU2007,Computer Science,4
STU2008,Electrical Eng,4
STU2009,Computer Science,2
STU2010,Computer Science,2
STU2011,Mechanical Eng,4
STU2012,Mechanical Eng,2
STU2013,Electrical Eng,3
STU2014,Electrical Eng,1
STU2015,Computer Science,2
STU2016,Business Admin,1
STU2017,Data Science,4
STU2018,Data Science,1
STU2019,Mechanical Eng,4
STU2020,Data Science,3
STU2021,Computer Science,1
STU2022,Electrical Eng,1
STU2023,Electrical Eng,3
STU2024,Mechanical Eng,4
STU2025,Data Science,4
STU2026,Electrical Eng,2
STU2027,Computer Science,3
STU2028,Data Science,4
STU2029,Electrical Eng,2
STU2030,Computer Science,3
STU2031,Electrical Eng,2
STU2032,Data Science,4
STU2033,Mechanical Eng,3
STU2034,Computer Science,4
STU2035,Computer Science,2
STU2036,Data Science,4
STU2037,Electrical Eng,2
STU2038,Computer Science,3
STU2039,Mechanical Eng,2
STU2040,Mechanical Eng,3
STU2041,Electrical Eng,3
STU2042,Business Admin,1
STU2043,Electrical Eng,3
STU2044,Data Science,1
STU2045,Computer Science,4
STU2046,Electrical Eng,2
STU2047,Mechanical Eng,3
STU2048,Computer Science,3
STU2049,Electrical Eng,2
STU2050,Data Science,2
STU2051,Mechanical Eng,2
STU2052,Mechanical Eng,3
STU2053,Mechanical Eng,4
STU2054,Business Admin,2
STU2055,Data Science,1
STU2056,Business Admin,4
STU2057,Business Admin,3
STU2058,Computer Science,1
STU2059,Computer Science,2
STU2060,Business Admin,2
STU2061,Data Science,3
STU2062,Business Admin,4
STU2063,Computer Science,2
STU2064,Business Admin,4
STU2065,Computer Science,4
STU2066,Computer Science,4
STU2067,Data Science,4
STU2068,Mechanical Eng,1
STU2069,Business Admin,4
STU2070,Electrical Eng,1
STU2071,Mechanical Eng,3
STU2072,Computer Science,2
STU2073,Business Admin,1
STU2074,Computer Science,4
STU2075,Electrical Eng,1
STU2076,Business Admin,1
STU2077,Computer Science,4
STU2078,Computer Science,3
STU2079,Mechanical Eng,2
STU2080,Data Science,4
STU2081,Electrical Eng,4
STU2082,Mechanical Eng,4
STU2083,Mechanical Eng,1
STU2084,Business Admin,2
STU2085,Electrical Eng,1
STU2086,Data Science,4
STU2087,Business Admin,2
STU2088,Data Science,1
STU2089,Computer Science,3
STU2090,Mechanical Eng,4
STU2091,Business Admin,4
STU2092,Data Science,2
STU2093,Mechanical Eng,3
STU2094,Data Science,3
STU2095,Data Science,1
STU2096,Computer Science,4
STU2097,Business Admin,1
STU2098,Data Science,2
STU2099,Computer Science,1
STU2100,Business Admin,1
STU2101,Mechanical Eng,1
STU2102,Data Science,1
STU2103,Mechanical Eng,4
STU2104,Data Science,2
STU2105,Computer Science,2
STU2106,Business Admin,3
STU2107,Data Science,3
STU2108,Business Admin,3
STU2109,Data Science,3
STU2110,Data Science,2
STU2111,Mechanical Eng,3
STU2112,Electrical Eng,1
STU2113,Business Admin,2
STU2114,Mechanical Eng,4
STU2115,Computer Science,3
STU2116,Mechanical Eng,3
STU2117,Mechanical Eng,4
STU2118,Data Science,3
STU2119,Mechanical Eng,2
STU2120,Business Admin,4
STU2121,Data Science,2
STU2122,Electrical Eng,2
STU2123,Mechanical Eng,1
STU2124,Business Admin,4
STU2125,Mechanical Eng,2
STU2126,Mechanical Eng,2
STU2127,Electrical Eng,2
STU2128,Electrical Eng,1
STU2129,Mechanical Eng,3
STU2130,Computer Science,2
STU2131,Computer Science,3
STU2132,Mechanical Eng,1
STU2133,Computer Science,2
STU2134,Business Admin,2
STU2135,Mechanical Eng,2
STU2136,Electrical Eng,3
STU2137,Computer Science,2
STU2138,Data Science,1
STU2139,Mechanical Eng,2
STU2140,Business Admin,2
STU2141,Mechanical Eng,2
STU2142,Business Admin,3
STU2143,Electrical Eng,4
STU2144,Mechanical Eng,3
STU2145,Electrical Eng,3
STU2146,Electrical Eng,4
STU2147,Mechanical Eng,1
STU2148,Mechanical Eng,3
STU2149,Data Science,3
STU2150,Electrical Eng,4
STU2151,Computer Science,2
STU2152,Data Science,1
STU2153,Electrical Eng,4
STU2154,Electrical Eng,2
STU2155,Data Science,3
STU2156,Data Science,4
STU2157,Business Admin,2
STU2158,Mechanical Eng,3
STU2159,Electrical Eng,4
STU2160,Mechanical Eng,4
STU2161,Data Science,3
STU2162,Data Science,2
STU2163,Business Admin,4
STU2164,Data Science,1
STU2165,Business Admin,1
STU2166,Computer Science,1
STU2167,Computer Science,4
STU2168,Data Science,2
STU2169,Computer Science,2
STU2170,Computer Science,2
STU2171,Business Admin,4
STU2172,Electrical Eng,1
STU2173,Business Admin,4
STU2174,Mechanical Eng,1
STU2175,Computer Science,4
STU2176,Computer Science,1
STU2177,Business Admin,3
STU2178,Business Admin,3
STU2179,Computer Science,4
STU2180,Data Science,1
STU2181,Computer Science,2
STU2182,Data Science,2
STU2183,Business Admin,3
STU2184,Electrical Eng,3
STU2185,Mechanical Eng,1
STU2186,Electrical Eng,4
STU2187,Mechanical Eng,2
STU2188,Data Science,3
STU2189,Computer Science,1
STU2190,Computer Science,4
STU2191,Mechanical Eng,4
STU2192,Business Admin,4
STU2193,Computer Science,1
STU2194,Data Science,1
STU2195,Mechanical Eng,4
STU2196,Electrical Eng,1
STU2197,Business Admin,1
STU2198,Data Science,2
STU2199,Business Admin,4
STU2200,Electrical Eng,1
